v -0.07156978 0.5220878 -0.4708651
v -0.119614 0.5033813 -0.525151
v 0.006094396 0.2218759 -0.5394005
v 0.05413857 0.2405825 -0.4851146
v -0.1857697 0.4729576 -0.5077442
v -0.06006128 0.1914525 -0.5219938
v -0.2038812 0.461241 -0.4360515
v -0.07817275 0.1797357 -0.4503011
v -0.155837 0.4799476 -0.3817657
v -0.1086963 0.3743834 -0.387109
v -0.1008396 0.3567896 -0.3879994
v -0.08512608 0.3216014 -0.3897805
v -0.07726929 0.3040071 -0.3906713
v -0.03012854 0.1984425 -0.3960151
v -0.06073036 0.3116131 -0.3950229
v -0.02765255 0.3268249 -0.4037261
v -0.01111348 0.3344305 -0.408078
v 0.03602712 0.2288659 -0.4134219
v -0.01897028 0.3520248 -0.4071873
v -0.03468385 0.387213 -0.4054062
v -0.04254064 0.4048069 -0.4045157
v -0.0896813 0.5103712 -0.3991725
v 0.03587788 0.205204 -0.424754
v -0.01770821 0.1805611 -0.4106545
v -0.09311855 0.5364151 -0.4665399
v -0.1320344 0.5212626 -0.5105115
v -0.05662402 0.1654086 -0.4546262
v -0.04195374 0.1748991 -0.5126972
v 0.01163241 0.199542 -0.5267966
v 0.05054818 0.2146945 -0.4828251
v -0.1856205 0.4966195 -0.4964121
v -0.2002908 0.4871292 -0.4383409
v -0.161375 0.5022814 -0.3943694
v -0.1077889 0.5269244 -0.4084689
v -0.05907957 0.3972011 -0.4001639
v -0.09215741 0.3819895 -0.3914606
v 0.01155767 0.3441727 0.01713604
v 0.03595336 0.3341846 0.0118936
v 0.06903121 0.3493965 0.003190368
v 0.07771352 0.3745964 -0.0002707541
v 0.06199995 0.4097843 0.001510233
v 0.03760427 0.4197726 0.00675264
v 0.004526392 0.4045608 0.01545605
v -0.004155919 0.3793609 0.01891717
v 0.04186748 0.3781667 0.03073987
v -0.5779998 -0.8304658 0.08082691
v -0.6408551 -0.8502243 0.1163791
v -0.6659715 -1.098091 -0.06578016
v -0.6031163 -1.078333 -0.1013323
v -0.6374556 -0.8947375 0.1764804
v -0.662572 -1.142604 -0.005678862
v -0.5712008 -0.9194922 0.2010294
v -0.5963173 -1.167359 0.01887015
v -0.5083456 -0.8997335 0.1654771
v -0.517764 -0.9926836 0.09716758
v -0.5193336 -1.008175 0.08578274
v -0.5224731 -1.039159 0.06301287
v -0.5240431 -1.05465 0.05162781
v -0.5334619 -1.147601 -0.01668206
v -0.5248929 -1.043522 0.03660256
v -0.5265924 -1.021265 0.006551981
v -0.5274426 -1.010137 -0.008473545
v -0.5368615 -1.103087 -0.07678334
v -0.5258726 -0.9946451 0.002911568
v -0.5227332 -0.9636619 0.02568141
v -0.5211635 -0.9481702 0.03706634
v -0.5117452 -0.8552203 0.105376
v -0.550598 -1.124546 -0.08303973
v -0.5478444 -1.160602 -0.03435773
v -0.5755599 -0.8212183 0.1052575
v -0.6264726 -0.8372228 0.1340549
v -0.5987573 -1.176606 -0.005560398
v -0.6524235 -1.156555 -0.02544513
v -0.6551771 -1.120499 -0.07412715
v -0.6042644 -1.104495 -0.1029245
v -0.623719 -0.8732786 0.1827368
v -0.5700526 -0.8933299 0.2026217
v -0.5191399 -0.8773255 0.1738243
v -0.5218936 -0.8412697 0.1251423
v -0.5203135 -0.9592986 0.05209166
v -0.5186138 -0.9815552 0.08214232
v -0.1054429 -1.055303 0.02747101
v -0.1078626 -1.059666 0.001060724
v -0.1095622 -1.03741 -0.02898985
v -0.1088423 -1.010789 -0.03263035
v -0.105703 -0.9798059 -0.009860456
v -0.1032832 -0.9754429 0.01654983
v -0.1015835 -0.9976995 0.04660037
v -0.1023034 -1.02432 0.05024096
v -0.0836238 -1.018404 0.006934613
v 0.1758591 0.566612 0.4922344
v 0.2187466 0.5471113 0.5504197
v 0.03788346 0.3023467 0.6016998
v -0.005004078 0.3218474 0.5435146
v 0.2773474 0.5016599 0.5401593
v 0.09648421 0.2568953 0.5914395
v 0.2930606 0.4757094 0.4717138
v 0.1121974 0.2309446 0.522994
v 0.250173 0.4952099 0.4135285
v 0.1823494 0.4034233 0.4327583
v 0.1710456 0.3881257 0.4359632
v 0.1484377 0.3575301 0.4423731
v 0.1371337 0.3422322 0.4455783
v 0.06930985 0.2504454 0.4648087
v 0.1224835 0.3535953 0.4481433
v 0.09318319 0.3763208 0.4532733
v 0.07853281 0.3876836 0.4558387
v 0.01070912 0.2958965 0.475069
v 0.08983681 0.4029815 0.4526335
v 0.1124447 0.4335771 0.4462236
v 0.1237486 0.4488747 0.4430186
v 0.1915723 0.5406613 0.4237889
v 0.005938947 0.2747083 0.4897871
v 0.05340558 0.2378929 0.4814762
v 0.1999121 0.5754595 0.4866219
v 0.234651 0.559664 0.5337521
v 0.08814451 0.2220974 0.5286063
v 0.07541683 0.2431173 0.5840472
v 0.02795014 0.279933 0.592358
v -0.006788731 0.2957284 0.545228
v 0.2821176 0.5228484 0.5254412
v 0.2948453 0.5018284 0.4700002
v 0.2601064 0.5176239 0.4228702
v 0.2126398 0.5544393 0.4311812
v 0.1383989 0.4375119 0.4404534
v 0.1676992 0.4147863 0.4353233
v 0.06066224 0.3366895 0.03335086
v 0.03470808 0.3327546 0.03912112
v 0.005407736 0.3554804 0.04425105
v 0.002061293 0.3821411 0.04361126
v 0.0246692 0.4127367 0.03720132
v 0.05062333 0.4166715 0.03143111
v 0.07992375 0.3939457 0.02630094
v 0.08327013 0.3672853 0.02694085
v 0.03804593 0.3736162 0.0137485
v 0.4090138 -0.8644767 -0.04334691
v 0.469127 -0.8830428 -0.08392824
v 0.4710301 -1.162612 0.04679447
v 0.4109169 -1.144046 0.08737564
v 0.4605379 -0.9145932 -0.1512777
v 0.4624409 -1.194162 -0.02055508
v 0.3918355 -0.927577 -0.1780461
v 0.3937386 -1.207146 -0.04732338
v 0.3317223 -0.9090109 -0.1374647
v 0.3324356 -1.013849 -0.0884438
v 0.3325545 -1.031322 -0.08027376
v 0.3327923 -1.066268 -0.06393343
v 0.3329114 -1.083741 -0.05576324
v 0.3336253 -1.18858 -0.00674209
v 0.3350586 -1.075854 -0.03892589
v 0.339353 -1.060079 -0.005251169
v 0.3415006 -1.052191 0.01158649
v 0.3422145 -1.15703 0.0606074
v 0.3413815 -1.034718 0.00341624
v 0.3411437 -0.9997721 -0.0129241
v 0.3410248 -0.9822989 -0.02109426
v 0.3403115 -0.877461 -0.07011527
v 0.3537719 -1.180527 0.06223431
v 0.3468146 -1.206082 0.007681102
v 0.4072458 -0.850502 -0.06548071
v 0.4559377 -0.8655405 -0.0983516
v 0.3955065 -1.221121 -0.02518964
v 0.4511553 -1.210604 -0.003507346
v 0.4581125 -1.185048 0.05104578
v 0.4094209 -1.17001 0.08391652
v 0.4489804 -0.8910961 -0.1529047
v 0.3933314 -0.9016132 -0.1745871
v 0.3446397 -0.8865747 -0.1417161
v 0.351597 -0.8610191 -0.08716314
v 0.3388775 -0.9901862 -0.03793177
v 0.3345829 -1.005961 -0.0716065
v -0.08328775 -1.048244 -0.019317
v -0.0810214 -1.05783 0.005690515
v -0.07672691 -1.042055 0.03936526
v -0.07469854 -1.016694 0.04803273
v -0.07493627 -0.9817476 0.03169245
v -0.07720262 -0.9721622 0.00668487
v -0.08149719 -0.9879375 -0.02698994
v -0.08352557 -1.013298 -0.03565738
v -0.1010111 -1.014047 0.008535922
v -0.5052301 -0.5641255 0.2500227
v -0.5530323 -0.5847886 0.3038107
v -0.631529 -0.8333497 0.1385637
v -0.5837267 -0.8126869 0.08477587
v -0.5298364 -0.6291332 0.3594943
v -0.6083331 -0.8776941 0.1942473
v -0.4588384 -0.6528149 0.36139
v -0.537335 -0.9013758 0.1961431
v -0.4110361 -0.6321521 0.3076021
v -0.440472 -0.7253623 0.2456346
v -0.445378 -0.7408972 0.2353067
v -0.45519 -0.7719674 0.2146508
v -0.4600962 -0.7875025 0.2043228
v -0.4895327 -0.880713 0.1423551
v -0.4658951 -0.7764163 0.1904019
v -0.4774927 -0.7542439 0.1625602
v -0.483292 -0.7431579 0.1486392
v -0.5127286 -0.8363686 0.08667159
v -0.4783858 -0.7276225 0.1589671
v -0.4685739 -0.6965525 0.179623
v -0.463668 -0.6810176 0.1899509
v -0.434232 -0.5878074 0.2519185
v -0.5274179 -0.8580489 0.08508793
v -0.5086292 -0.8939679 0.1301917
v -0.4952158 -0.5547967 0.2724061
v -0.5339357 -0.5715337 0.3159742
v -0.5473492 -0.9107046 0.1737598
v -0.6048575 -0.8915229 0.1722243
v -0.6236461 -0.8556037 0.1271205
v -0.5849264 -0.8388667 0.08355245
v -0.5151471 -0.6074529 0.361078
v -0.4576385 -0.6266351 0.3626135
v -0.4189188 -0.6098981 0.3190453
v -0.4377074 -0.5739789 0.2739417
v -0.4578688 -0.6921039 0.2038719
v -0.4462709 -0.7142758 0.2317136
v -0.07146046 -0.7817249 0.04703614
v -0.08216557 -0.7861738 0.02278736
v -0.09376332 -0.7640014 -0.005054474
v -0.09465638 -0.7373798 -0.00864765
v -0.08484444 -0.7063098 0.01200831
v -0.07413933 -0.7018609 0.03625709
v -0.0625414 -0.7240334 0.06409895
v -0.0616484 -0.7506545 0.06769207
v -0.05795607 -0.7445307 0.02070037
v 0.3900424 -0.5830946 -0.1846037
v 0.4342174 -0.6008031 -0.2423973
v 0.4822548 -0.8800681 -0.1201089
v 0.4380798 -0.862359 -0.06231534
v 0.4049391 -0.6326065 -0.3035241
v 0.4529766 -0.9118714 -0.1812357
v 0.3314859 -0.6467009 -0.3068573
v 0.3795234 -0.9259658 -0.1845689
v 0.2873109 -0.6289921 -0.2490636
v 0.3053246 -0.733716 -0.2032054
v 0.3083269 -0.7511702 -0.1955624
v 0.3143314 -0.7860782 -0.1802764
v 0.317334 -0.8035324 -0.1726334
v 0.3353483 -0.908257 -0.1267752
v 0.3246535 -0.7955813 -0.1573517
v 0.3392924 -0.7796798 -0.1267883
v 0.3466122 -0.771729 -0.1115065
v 0.3646266 -0.8764539 -0.06564844
v 0.3436098 -0.7542748 -0.1191495
v 0.3376052 -0.7193668 -0.1344356
v 0.3346029 -0.7019129 -0.1420786
v 0.3165892 -0.5971889 -0.1879369
v 0.376451 -0.899766 -0.06789432
v 0.3527355 -0.9255266 -0.1174071
v 0.3810482 -0.5691895 -0.2049526
v 0.41683 -0.5835338 -0.2517655
v 0.3885174 -0.9398706 -0.1642199
v 0.4480145 -0.9284542 -0.16152
v 0.4717298 -0.9026935 -0.1120073
v 0.4359482 -0.8883491 -0.0651945
v 0.3931146 -0.6092944 -0.3012782
v 0.3336174 -0.6207108 -0.3039781
v 0.2978357 -0.6063666 -0.2571652
v 0.3215511 -0.580606 -0.2076526
v 0.3272832 -0.7098637 -0.1573603
v 0.3126441 -0.7257652 -0.1879237
v -0.065613 -0.7744098 -0.004366726
v -0.05529094 -0.7839131 0.01855797
v -0.04065198 -0.7680113 0.04912141
v -0.03633463 -0.7426064 0.05676028
v -0.04233918 -0.7076983 0.04147419
v -0.05266118 -0.6981952 0.01854941
v -0.06730035 -0.714097 -0.01201397
v -0.07161757 -0.7395017 -0.01965278
v -0.07397315 -0.7404399 0.02781221
v -0.2055623 0.8057785 -0.4383894
v -0.268671 0.7883878 -0.474721
v -0.1571115 0.5067346 -0.5336852
v -0.09400286 0.5241253 -0.4973535
v -0.3260623 0.7578773 -0.4375658
v -0.2145028 0.4762242 -0.4965299
v -0.3203447 0.7447577 -0.3640789
v -0.2087853 0.4631045 -0.4230431
v -0.257236 0.7621484 -0.3277473
v -0.2154011 0.6565287 -0.3498586
v -0.2084287 0.6389253 -0.3535437
v -0.1944837 0.6037188 -0.3609141
v -0.1875113 0.5861154 -0.3645995
v -0.1456765 0.480495 -0.3867114
v -0.1731635 0.5937431 -0.3738883
v -0.1444678 0.6089983 -0.3924657
v -0.13012 0.6166258 -0.4017548
v -0.0882853 0.5110054 -0.4238666
v -0.1370924 0.6342292 -0.3980694
v -0.1510374 0.669436 -0.390699
v -0.1580099 0.6870391 -0.3870138
v -0.1998449 0.7926588 -0.3649025
v -0.0923074 0.4875832 -0.4349813
v -0.1387943 0.4628696 -0.4048855
v -0.2244352 0.8200998 -0.427118
v -0.2755533 0.8060133 -0.4565468
v -0.1899124 0.4487834 -0.4343143
v -0.1945436 0.4594102 -0.4938386
v -0.1480567 0.4841237 -0.5239344
v -0.09693865 0.4982102 -0.4945057
v -0.3220402 0.7812998 -0.426451
v -0.3174089 0.7706728 -0.3669266
v -0.2662909 0.7847593 -0.3374979
v -0.2198041 0.8094728 -0.3675937
v -0.1723577 0.6794116 -0.3777249
v -0.2010533 0.6641564 -0.3591473
v 0.02782789 0.6175075 -0.006195247
v 0.0491481 0.6075318 -0.01916945
v 0.07784376 0.6227872 -0.03774688
v 0.08521923 0.6480181 -0.04335055
v 0.07127424 0.6832247 -0.03598022
v 0.04995403 0.6932003 -0.02300602
v 0.02125834 0.6779451 -0.004428357
v 0.01388291 0.6527143 0.001175225
v 0.06125174 0.6510921 -0.00241825
v 0.3381312 0.829443 0.3950385
v 0.3972088 0.8085752 0.4360202
v 0.2398084 0.5635321 0.5381471
v 0.1807308 0.5843999 0.4971654
v 0.4489467 0.7631104 0.4066721
v 0.2915463 0.5180674 0.5087991
v 0.441607 0.7385137 0.3363424
v 0.2842066 0.4934709 0.4384693
v 0.3825293 0.7593818 0.2953607
v 0.3235041 0.6674907 0.333658
v 0.3136666 0.6521757 0.3400408
v 0.2939915 0.6215453 0.3528066
v 0.284154 0.60623 0.3591897
v 0.2251289 0.5143387 0.3974876
v 0.2712196 0.6175964 0.3665266
v 0.2453506 0.6403286 0.3812004
v 0.2324161 0.6516948 0.3885377
v 0.173391 0.5598032 0.4268356
v 0.2422536 0.6670101 0.3821547
v 0.2619287 0.6976404 0.3693889
v 0.2717662 0.7129555 0.3630061
v 0.3307914 0.8048463 0.3247088
v 0.1733729 0.5383353 0.4419169
v 0.2152805 0.501509 0.4181449
v 0.3592043 0.8383079 0.3821675
v 0.4070572 0.8214049 0.4153627
v 0.2631335 0.484606 0.4513402
v 0.2690787 0.5045292 0.5083072
v 0.2271709 0.5413556 0.5320791
v 0.1793181 0.5582588 0.498884
v 0.4489649 0.7845786 0.3915908
v 0.4430197 0.7646551 0.3346236
v 0.3951668 0.7815583 0.3014285
v 0.3532591 0.8183846 0.3252005
v 0.2847007 0.7015893 0.3556689
v 0.3105696 0.6788571 0.3409949
v 0.07945952 0.6094947 -0.006733328
v 0.05668759 0.605546 0.006986767
v 0.03081863 0.6282783 0.02166063
v 0.02772151 0.6549597 0.02261481
v 0.04739659 0.68559 0.009849131
v 0.07016855 0.689539 -0.003870875
v 0.09603754 0.6668067 -0.01854494
v 0.09913459 0.6401253 -0.01949909
v 0.05213684 0.6469083 -0.01736531
v -0.3226767 1.081609 -0.3518105
v -0.3934924 1.062171 -0.3663861
v -0.2967398 0.7887043 -0.4717701
v -0.2259241 0.8081419 -0.4571943
v -0.4343372 1.027554 -0.3140554
v -0.3375846 0.754087 -0.4194393
v -0.4043663 1.012374 -0.2471488
v -0.3076137 0.7389076 -0.3525329
v -0.3335505 1.031812 -0.2325732
v -0.2972681 0.9292622 -0.272092
v -0.2912211 0.9121706 -0.2786783
v -0.279127 0.8779874 -0.2918512
v -0.27308 0.8608955 -0.2984379
v -0.2367979 0.7583454 -0.3379571
v -0.2628688 0.86955 -0.3115205
v -0.2424463 0.8868587 -0.3376857
v -0.2322351 0.8955128 -0.3507687
v -0.1959531 0.7929626 -0.3902879
v -0.2382821 0.9126046 -0.3441821
v -0.2503763 0.9467878 -0.3310092
v -0.2564234 0.9638793 -0.3244227
v -0.2927058 1.066429 -0.2849039
v -0.2024972 0.7697361 -0.4005847
v -0.2355814 0.7416961 -0.3581967
v -0.337348 1.094565 -0.33434
v -0.3947088 1.07882 -0.3461464
v -0.2929423 0.7259514 -0.3700031
v -0.3172187 0.7382467 -0.4241973
v -0.2841344 0.7662866 -0.4665852
v -0.2267737 0.7820313 -0.4547789
v -0.4277931 1.05078 -0.3037585
v -0.4035166 1.038485 -0.2495642
v -0.3461559 1.054229 -0.2377579
v -0.3130716 1.08227 -0.2801458
v -0.2666345 0.9552252 -0.3113399
v -0.2870569 0.9379169 -0.2851746
v 0.04641846 0.8917354 -0.02866033
v 0.06267661 0.883298 -0.04832962
v 0.08309907 0.9006069 -0.07449487
v 0.08726332 0.9263527 -0.08099118
v 0.07516915 0.960536 -0.06781834
v 0.05891103 0.9689733 -0.04814908
v 0.03848857 0.9516647 -0.02198362
v 0.03432435 0.9259188 -0.01548734
v 0.07792783 0.9268595 -0.03438714
v 0.4627081 1.106296 0.2591937
v 0.5327016 1.087188 0.2776575
v 0.4269139 0.8311741 0.4137336
v 0.3569205 0.8502824 0.3952697
v 0.5736666 1.045427 0.2309346
v 0.4678788 0.789413 0.3670107
v 0.5446378 1.022774 0.1657477
v 0.4388501 0.7667601 0.3018239
v 0.4746443 1.041882 0.1472839
v 0.4349737 0.9458773 0.1983121
v 0.428362 0.9298766 0.2068168
v 0.4151385 0.8978748 0.2238261
v 0.4085268 0.8818738 0.2323311
v 0.3688565 0.7858684 0.2833599
v 0.3982856 0.8923142 0.2440118
v 0.377803 0.9131949 0.267373
v 0.3675619 0.923635 0.2790541
v 0.3278916 0.8276296 0.3300829
v 0.3741736 0.939636 0.2705492
v 0.3873971 0.9716377 0.2535398
v 0.3940088 0.9876385 0.2450351
v 0.4336795 1.083643 0.1940068
v 0.3336341 0.8057122 0.3433107
v 0.3668157 0.7718856 0.3054651
v 0.4780476 1.116649 0.2405964
v 0.5347425 1.101171 0.2555523
v 0.4235105 0.756408 0.320421
v 0.4470237 0.7747569 0.3732222
v 0.4138422 0.8085835 0.4110678
v 0.3571475 0.8240612 0.3961121
v 0.567924 1.067344 0.2177067
v 0.5444107 1.048995 0.1649053
v 0.487716 1.064473 0.1499496
v 0.4545345 1.0983 0.1877951
v 0.4042501 0.9771984 0.2333542
v 0.4247325 0.9563177 0.2099928
v 0.09529209 0.8864191 -0.04636845
v 0.07843921 0.8808585 -0.02618283
v 0.05795664 0.9017394 -0.002821475
v 0.05432707 0.9281806 0.0003546178
v 0.06755069 0.9601822 -0.01665482
v 0.08440354 0.9657425 -0.03684032
v 0.104886 0.9448621 -0.06020176
v 0.1085155 0.9184208 -0.06337786
v 0.06458721 0.9226978 -0.04573238
v 0.3153806 -0.3101218 -0.3157736
v 0.3389653 -0.330292 -0.3839062
v 0.4348066 -0.600904 -0.2706168
v 0.4112218 -0.5807338 -0.2024843
v 0.292609 -0.3661981 -0.4304572
v 0.3884502 -0.6368101 -0.3171679
v 0.2226678 -0.3819337 -0.4088756
v 0.3185092 -0.6525457 -0.2955863
v 0.1990831 -0.3617635 -0.3407429
v 0.2350233 -0.4632425 -0.2982594
v 0.2410132 -0.4801559 -0.2911788
v 0.2529933 -0.5139823 -0.2770176
v 0.2589835 -0.5308957 -0.2699371
v 0.2949243 -0.6323752 -0.2274536
v 0.2705726 -0.521919 -0.2582993
v 0.2937505 -0.5039659 -0.2350237
v 0.3053399 -0.4949896 -0.223386
v 0.3412807 -0.5964694 -0.1809026
v 0.2993498 -0.4780762 -0.2304665
v 0.2873697 -0.4442496 -0.2446277
v 0.2813797 -0.4273367 -0.2517084
v 0.2454394 -0.3258574 -0.294192
v 0.3526076 -0.6196313 -0.1857557
v 0.3150588 -0.648715 -0.223462
v 0.299727 -0.2976143 -0.3327103
v 0.3188307 -0.3139524 -0.3878978
v 0.3341626 -0.6650529 -0.2786495
v 0.3908149 -0.652307 -0.2961306
v 0.4283636 -0.6232233 -0.2584242
v 0.4092599 -0.6068854 -0.2032368
v 0.281282 -0.3430362 -0.4256042
v 0.2246296 -0.355782 -0.408123
v 0.205526 -0.3394442 -0.3529356
v 0.2430747 -0.3103602 -0.3152293
v 0.2697904 -0.4363132 -0.2633461
v 0.2466123 -0.4542661 -0.2866216
v -0.04909942 -0.4996648 0.01276353
v -0.03152013 -0.5076013 0.03148183
v -0.008342117 -0.4896481 0.05475736
v -0.002742916 -0.4637585 0.05931467
v -0.01472297 -0.4299321 0.04515341
v -0.03230223 -0.4219954 0.02643514
v -0.05548042 -0.4399483 0.003159553
v -0.06107956 -0.465838 -0.001397669
v -0.04781085 -0.4640446 0.04421017
v -0.3895676 -0.2837152 0.3864539
v -0.4164227 -0.3021502 0.4538638
v -0.5349332 -0.5614781 0.3357311
v -0.508078 -0.5430429 0.2683213
v -0.3746859 -0.3426869 0.5009804
v -0.4931964 -0.6020145 0.3828478
v -0.306094 -0.3647883 0.4806871
v -0.4246045 -0.6241159 0.3625545
v -0.2792389 -0.3463533 0.4132772
v -0.32368 -0.4436011 0.3689774
v -0.3310868 -0.4598088 0.3615941
v -0.3459005 -0.4922249 0.3468275
v -0.3533076 -0.5084329 0.3394442
v -0.3977493 -0.6056809 0.2951446
v -0.3637417 -0.4982986 0.3276651
v -0.3846099 -0.4780302 0.3041067
v -0.3950445 -0.4678965 0.2923276
v -0.4394861 -0.5651445 0.248028
v -0.3876374 -0.4516883 0.2997108
v -0.3728237 -0.4192724 0.3144774
v -0.3654169 -0.4030645 0.3218608
v -0.3209757 -0.3058169 0.3661607
v -0.4530536 -0.5871706 0.2523978
v -0.4192467 -0.6200051 0.2905622
v -0.3731725 -0.2728937 0.403844
v -0.3949252 -0.2878261 0.4584461
v -0.4409995 -0.6349375 0.3451643
v -0.4965589 -0.6170354 0.3616019
v -0.5303657 -0.5842009 0.3234373
v -0.5086131 -0.5692682 0.2688353
v -0.3611184 -0.3206608 0.4966106
v -0.3055588 -0.338563 0.480173
v -0.2838062 -0.3236306 0.4255711
v -0.3176131 -0.290796 0.3874066
v -0.3549825 -0.4131985 0.3336399
v -0.3341142 -0.4334667 0.3571982
v -0.03760317 -0.5040741 0.06354222
v -0.05544439 -0.510148 0.0443798
v -0.07631266 -0.4898796 0.02082142
v -0.0793401 -0.4635372 0.0164254
v -0.06452641 -0.4311213 0.03119209
v -0.04668522 -0.4250476 0.05035445
v -0.02581677 -0.4453158 0.07391283
v -0.02278939 -0.4716582 0.07830879
v -0.03483856 -0.4682212 0.03245729
v -0.3952926 1.367484 -0.2306473
v -0.466868 1.348226 -0.2200997
v -0.4116583 1.072896 -0.3481467
v -0.340083 1.092154 -0.3586943
v -0.4875873 1.314514 -0.1565437
v -0.4323776 1.039184 -0.2845909
v -0.4367312 1.300059 -0.1035355
v -0.3815215 1.024729 -0.2315827
v -0.3651558 1.319317 -0.1140832
v -0.344452 1.216069 -0.1621006
v -0.3410013 1.198861 -0.1701035
v -0.3341 1.164444 -0.1861093
v -0.3306496 1.147236 -0.1941123
v -0.3099461 1.043987 -0.2421302
v -0.3254697 1.155664 -0.2100012
v -0.3151099 1.172521 -0.241779
v -0.3099302 1.180948 -0.2576683
v -0.2892269 1.077699 -0.3056861
v -0.3133807 1.198157 -0.2496652
v -0.320282 1.232573 -0.2336594
v -0.3237327 1.249781 -0.2256565
v -0.3444366 1.353029 -0.177639
v -0.2988826 1.054374 -0.3128283
v -0.3156652 1.027067 -0.2613479
v -0.4031727 1.380746 -0.2094254
v -0.4611489 1.365147 -0.2008818
v -0.3736413 1.011468 -0.2528045
v -0.4148347 1.023176 -0.2957411
v -0.3980521 1.050483 -0.3472214
v -0.3400761 1.066082 -0.3557649
v -0.4779315 1.337839 -0.1494015
v -0.436738 1.326131 -0.1064648
v -0.378762 1.34173 -0.1150084
v -0.3619794 1.369037 -0.1664886
v -0.3289124 1.241353 -0.2097675
v -0.3392721 1.224497 -0.1779895
v 0.06135899 1.179953 -0.04895952
v 0.06998929 1.171173 -0.07285154
v 0.08034906 1.188029 -0.1046293
v 0.08207831 1.213665 -0.1125156
v 0.07517695 1.248082 -0.0965098
v 0.06654665 1.256861 -0.07261783
v 0.05618697 1.240005 -0.04083988
v 0.05445772 1.214369 -0.03295362
v 0.08908165 1.214833 -0.0655162
v -0.2243028 0.009810448 0.4920435
v -0.2270864 -0.008365393 0.5646178
v -0.3833202 -0.265079 0.494333
v -0.3805366 -0.2469032 0.4217587
v -0.1726144 -0.04981899 0.5949419
v -0.3288482 -0.3065326 0.524657
v -0.1153587 -0.07309651 0.5526916
v -0.2715925 -0.3298101 0.4824069
v -0.1125751 -0.05492067 0.4801173
v -0.1711625 -0.1511881 0.4537603
v -0.180927 -0.1672325 0.4493674
v -0.2004561 -0.1993217 0.4405818
v -0.2102209 -0.2153666 0.4361891
v -0.2688088 -0.3116343 0.4098324
v -0.2238388 -0.205003 0.428608
v -0.2510747 -0.1842761 0.4134459
v -0.264693 -0.173913 0.405865
v -0.3232809 -0.2701809 0.3795085
v -0.2549283 -0.1578681 0.4102577
v -0.2353991 -0.1257789 0.4190434
v -0.2256346 -0.1097345 0.4234362
v -0.1670471 -0.01346707 0.4497933
v -0.3349693 -0.291971 0.3882772
v -0.2908469 -0.3255482 0.4128397
v -0.2027935 0.0202713 0.5028253
v -0.2050482 0.005548716 0.5616106
v -0.2931017 -0.3402708 0.4716249
v -0.3394788 -0.3214159 0.5058476
v -0.3836012 -0.2878385 0.4812851
v -0.3813465 -0.2731161 0.4224999
v -0.1609259 -0.02802873 0.5861731
v -0.1145486 -0.04688358 0.5519503
v -0.112294 -0.032161 0.4931651
v -0.1564164 0.001416206 0.4686027
v -0.2120165 -0.1200976 0.4310171
v -0.1847804 -0.1408246 0.4461792
v -0.006527543 -0.2158072 0.06969345
v -0.02991027 -0.2214882 0.05771974
v -0.05714616 -0.2007616 0.0425576
v -0.06099975 -0.1743534 0.03936929
v -0.04147062 -0.1422644 0.04815504
v -0.01808795 -0.1365831 0.06012875
v 0.009148121 -0.15731 0.0752908
v 0.01300171 -0.183718 0.07847911
v -0.01379228 -0.1799033 0.03940374
v 0.2007034 -0.02700758 -0.4072828
v 0.1994582 -0.04736829 -0.4793177
v 0.3230153 -0.3200731 -0.4043735
v 0.3242604 -0.2997124 -0.3323386
v 0.1394309 -0.08226204 -0.5073233
v 0.262988 -0.3549666 -0.432379
v 0.08064866 -0.09679484 -0.4632938
v 0.2042058 -0.3694997 -0.3883496
v 0.08189377 -0.07643414 -0.3912589
v 0.1282276 -0.1786981 -0.3631546
v 0.1359497 -0.1957421 -0.3584706
v 0.1513943 -0.2298303 -0.3491024
v 0.1591167 -0.2468743 -0.3444186
v 0.2054509 -0.3491387 -0.3163146
v 0.1741236 -0.2381508 -0.3374171
v 0.204137 -0.2207038 -0.3234142
v 0.2191441 -0.2119808 -0.316413
v 0.2654782 -0.3142452 -0.2883091
v 0.2114217 -0.1949365 -0.3210969
v 0.1959771 -0.1608484 -0.330465
v 0.1882549 -0.1438046 -0.3351491
v 0.1419211 -0.04154062 -0.3632534
v 0.2740671 -0.3375926 -0.2966426
v 0.2254449 -0.3658566 -0.319327
v 0.1804726 -0.01415849 -0.4179569
v 0.1794641 -0.03065062 -0.4763053
v 0.2244365 -0.3823485 -0.3776754
v 0.2720501 -0.3705771 -0.4133391
v 0.3206722 -0.3423133 -0.3906547
v 0.3216808 -0.3258212 -0.3323064
v 0.1308419 -0.05891442 -0.4989898
v 0.08322826 -0.0706861 -0.4633259
v 0.08423677 -0.05419397 -0.4049776
v 0.132859 -0.02592993 -0.3822932
v 0.1732479 -0.1525278 -0.3421504
v 0.1432343 -0.1699746 -0.3561532
v -0.03445297 -0.2110124 0.02579063
v -0.01172373 -0.2193329 0.03747591
v 0.0182898 -0.2018859 0.05147883
v 0.02557448 -0.1761186 0.05379623
v 0.01012999 -0.1420305 0.04442805
v -0.01259926 -0.1337099 0.03274274
v -0.04261294 -0.1511569 0.01873997
v -0.04989758 -0.1769242 0.01642257
v -0.02194297 -0.1755309 0.05484068
v 0.5506444 1.396104 0.07781637
v 0.6227456 1.376875 0.07175019
v 0.5691895 1.123228 0.2392197
v 0.4970884 1.142457 0.2452858
v 0.6454425 1.33429 0.01450965
v 0.5918865 1.080643 0.181979
v 0.5960382 1.310933 -0.03666499
v 0.5424823 1.057287 0.1308044
v 0.523937 1.330162 -0.03059894
v 0.5038533 1.235045 0.03220186
v 0.5005059 1.219192 0.04266861
v 0.4938113 1.187486 0.06360224
v 0.4904642 1.171633 0.07406923
v 0.4703809 1.076515 0.1368705
v 0.4847901 1.18228 0.08837926
v 0.4734413 1.203572 0.1169995
v 0.4677673 1.214219 0.1313098
v 0.447684 1.119101 0.1941112
v 0.4711144 1.230072 0.1208429
v 0.477809 1.261777 0.09990934
v 0.4811564 1.27763 0.08944252
v 0.5012401 1.372747 0.0266417
v 0.4575578 1.09733 0.2049207
v 0.4759423 1.062836 0.1585557
v 0.5587821 1.40613 0.0549784
v 0.6171842 1.390555 0.05006489
v 0.5343444 1.04726 0.1536423
v 0.5743618 1.066179 0.1950936
v 0.5559773 1.100673 0.2414586
v 0.4975754 1.116248 0.2463721
v 0.6355687 1.356061 0.003699988
v 0.5955511 1.337142 -0.03775159
v 0.5371492 1.352718 -0.03283799
v 0.5187647 1.387212 0.01352695
v 0.4868306 1.266984 0.07513225
v 0.498179 1.245691 0.04651192
v 0.1013432 1.174148 -0.08209917
v 0.09232181 1.168942 -0.05732211
v 0.08097324 1.190234 -0.02870193
v 0.07864618 1.216734 -0.02485844
v 0.08534083 1.24844 -0.04579195
v 0.0943622 1.253646 -0.07056901
v 0.1057107 1.232353 -0.09918934
v 0.1080377 1.205854 -0.1030329
v 0.07268566 1.210592 -0.07161406
v 0.04525623 0.2526927 -0.4660046
v 0.01947176 0.2290907 -0.5322108
v 0.1771101 -0.03424525 -0.4997278
v 0.2028945 -0.01064348 -0.4335216
v -0.0444939 0.1903543 -0.5358208
v 0.1131445 -0.07298183 -0.5033378
v -0.08267513 0.1752198 -0.4732246
v 0.07496324 -0.08811617 -0.4407417
v -0.0568907 0.1988215 -0.4070185
v 0.002223551 0.1000707 -0.3948371
v 0.01207584 0.08361244 -0.3928068
v 0.0317806 0.05069542 -0.3887464
v 0.04163308 0.03423667 -0.3867163
v 0.1007477 -0.0645144 -0.3745354
v 0.05762446 0.04392099 -0.3858138
v 0.08960718 0.0632894 -0.3840086
v 0.1055988 0.07297325 -0.3831063
v 0.1647133 -0.02577806 -0.3709254
v 0.09574637 0.089432 -0.3851364
v 0.07604161 0.1223488 -0.3891968
v 0.06618924 0.1388073 -0.3912271
v 0.007074937 0.2375579 -0.4034085
v 0.1710741 -0.04907203 -0.3811843
v 0.1192619 -0.08044863 -0.3841084
v 0.02184279 0.2641425 -0.4690107
v 0.0009574294 0.2450249 -0.5226377
v 0.0983766 -0.09956598 -0.4377356
v 0.1293033 -0.08730721 -0.4884384
v 0.1811156 -0.05593061 -0.4855142
v 0.2020009 -0.03681302 -0.4318873
v -0.0508548 0.2136483 -0.5255618
v -0.08178166 0.2013896 -0.4748589
v -0.06089625 0.2205069 -0.4212319
v -0.009084031 0.2518835 -0.4183078
v 0.05019774 0.1291232 -0.3921295
v 0.01821494 0.109755 -0.3939345
v -0.008261144 0.07803845 0.02729109
v 0.01758271 0.07126403 0.03022364
v 0.04956548 0.09063244 0.03202879
v 0.05570468 0.116775 0.0309011
v 0.03599992 0.1496921 0.02684057
v 0.0101561 0.1564662 0.02390799
v -0.02182677 0.1370981 0.02210298
v -0.02796595 0.1109555 0.02323067
v 0.01176195 0.1153045 0.04896265
v -0.03091714 0.3109019 0.5247442
v -0.006481528 0.2958894 0.5939009
v -0.162508 0.02961969 0.5912296
v -0.1869436 0.04463243 0.5220728
v 0.05752055 0.2582879 0.6036491
v -0.09850596 -0.007981539 0.6009778
v 0.09708709 0.2356994 0.5442406
v -0.0589395 -0.03057003 0.5415692
v 0.07265145 0.2507119 0.4750837
v 0.01414165 0.150861 0.4740817
v 0.004390106 0.1342192 0.4739147
v -0.01511317 0.1009355 0.4735807
v -0.02486491 0.0842936 0.4734139
v -0.08337507 -0.01555777 0.4724123
v -0.04086541 0.09369397 0.4709767
v -0.07286633 0.1124947 0.4661024
v -0.08886709 0.1218948 0.4636656
v -0.1473771 0.02204347 0.4626642
v -0.07911535 0.1385369 0.4638325
v -0.05961207 0.1718206 0.4641665
v -0.04986043 0.1884623 0.4643335
v 0.008649409 0.2883132 0.4653356
v -0.1538791 0.0001718998 0.4756131
v -0.1020374 -0.03028512 0.4835091
v -0.007611915 0.3227768 0.526787
v 0.01218091 0.3106167 0.5828041
v -0.08224462 -0.04244518 0.5395262
v -0.1142934 -0.02414823 0.5876472
v -0.1661352 0.006308794 0.579751
v -0.185928 0.01846886 0.5237341
v 0.06402262 0.2801597 0.5907001
v 0.09607151 0.261863 0.5425791
v 0.07627866 0.2740231 0.4865621
v 0.024437 0.3044801 0.4786661
v -0.03385985 0.1790621 0.4667704
v -0.00185883 0.1602614 0.4716446
v 0.03375985 0.0764575 0.05830938
v 0.008007616 0.06921601 0.05570546
v -0.02399334 0.08801675 0.0508312
v -0.03024241 0.114059 0.0485611
v -0.01073912 0.1473424 0.04889518
v 0.01501308 0.1545839 0.05149907
v 0.04701415 0.1357832 0.05637324
v 0.05326316 0.1097412 0.05864334
v 0.01408261 0.1106117 0.03174576
v 0.5628477 1.694218 -0.1224373
v 0.6281872 1.677862 -0.1551231
v 0.6415511 1.413642 0.003810972
v 0.5762116 1.429998 0.03649658
v 0.6293288 1.639318 -0.2192965
v 0.6426927 1.375098 -0.06036231
v 0.5651308 1.617131 -0.250784
v 0.5784948 1.35291 -0.09185
v 0.4997913 1.633487 -0.2180984
v 0.5048025 1.534405 -0.1584983
v 0.5056376 1.517891 -0.148565
v 0.507308 1.484863 -0.1286984
v 0.5081434 1.468349 -0.1187649
v 0.5131551 1.369267 -0.05916452
v 0.5078579 1.477985 -0.1027216
v 0.5072869 1.497258 -0.07063505
v 0.5070018 1.506893 -0.05459151
v 0.5120136 1.40781 0.005008757
v 0.5061665 1.523407 -0.06452495
v 0.5044961 1.556435 -0.08439168
v 0.5036609 1.572948 -0.09432495
v 0.4986497 1.67203 -0.1539252
v 0.5253826 1.38583 0.01015091
v 0.5263072 1.354609 -0.0418295
v 0.5621099 1.705768 -0.1459828
v 0.6150351 1.692519 -0.1724582
v 0.5792325 1.341361 -0.0683047
v 0.6312327 1.359333 -0.04279965
v 0.630308 1.390553 0.009180754
v 0.577383 1.403802 0.03565609
v 0.6159598 1.661298 -0.2244386
v 0.5639592 1.643327 -0.2499438
v 0.5110343 1.656575 -0.2234684
v 0.5101097 1.687796 -0.171488
v 0.5039462 1.563313 -0.1103684
v 0.504517 1.54404 -0.142455
v 0.08889657 1.466022 -0.1248288
v 0.08944654 1.459144 -0.09885192
v 0.08887559 1.478417 -0.06676531
v 0.08775496 1.504566 -0.06065524
v 0.08608463 1.537594 -0.08052196
v 0.08553472 1.544472 -0.1064987
v 0.08610553 1.5252 -0.1385854
v 0.08722612 1.49905 -0.1446955
v 0.06546888 1.500817 -0.1024716
v -0.4303154 1.649965 -0.07309695
v -0.4930742 1.627687 -0.0388892
v -0.4841359 1.361934 -0.1955628
v -0.4213772 1.384212 -0.2297705
v -0.4891502 1.589815 0.02557379
v -0.4802119 1.324062 -0.1310998
v -0.4224674 1.574221 0.0558289
v -0.4135292 1.308468 -0.1008447
v -0.3597086 1.596499 0.02162114
v -0.3563565 1.496842 -0.03713134
v -0.3557977 1.480232 -0.04692325
v -0.3546804 1.447013 -0.06650752
v -0.3541219 1.430404 -0.07629962
v -0.3507703 1.330746 -0.1350525
v -0.3551028 1.439872 -0.09241532
v -0.3570646 1.458808 -0.1246467
v -0.3580459 1.468276 -0.1407627
v -0.3546943 1.368618 -0.1995153
v -0.3586044 1.484885 -0.1309705
v -0.3597218 1.518104 -0.1113863
v -0.3602805 1.534714 -0.1015943
v -0.3636327 1.634371 -0.0428417
v -0.36598 1.345403 -0.2042069
v -0.3628015 1.314727 -0.1519918
v -0.4302082 1.661751 -0.04965791
v -0.4810429 1.643707 -0.02194968
v -0.4136362 1.296682 -0.1242835
v -0.4676493 1.309313 -0.1487902
v -0.4708277 1.339989 -0.2010053
v -0.4199932 1.358034 -0.2287135
v -0.4778644 1.61303 0.03026527
v -0.4238513 1.600399 0.05477208
v -0.3730167 1.618444 0.02706382
v -0.3761952 1.64912 -0.02515113
v -0.3592994 1.525246 -0.08547851
v -0.3573374 1.50631 -0.05324703
v 0.0634217 1.468596 -0.07927485
v 0.06299925 1.461455 -0.1051827
v 0.06103736 1.480391 -0.137414
v 0.05949768 1.506469 -0.1437379
v 0.05838025 1.539688 -0.1241538
v 0.05880275 1.546829 -0.09824595
v 0.06076476 1.527893 -0.06601438
v 0.06230441 1.501816 -0.05969062
v 0.08290642 1.505278 -0.1023863
vn 0.6498361 0.3249693 -0.6871012
vn -0.2308304 -0.05390286 -0.9714998
vn -0.8806663 -0.3788723 -0.2843988
vn -0.6498366 -0.3249699 0.6871005
vn 0.230832 0.05389991 0.9714996
vn 0.8806667 0.3788726 0.284397
vn 0.4001976 -0.3978922 0.8255445
vn 0.3685763 0.7286286 -0.5772799
vn -0.3685766 -0.7286283 0.5772799
vn -0.5700791 -0.7756829 -0.2707877
vn -0.002807423 -0.4920029 -0.870589
vn 0.7659664 -0.1612687 -0.6223246
vn 0.9674686 -0.1142138 0.2257424
vn 0.4073144 -0.9121203 -0.04616851
vn -0.4001985 0.3978933 -0.8255435
vn -0.9674687 0.1142132 -0.2257427
vn -0.7659653 0.1612639 0.6223271
vn 0.002808756 0.4920003 0.8705904
vn 0.5700796 0.7756823 0.2707879
vn -0.4073144 0.9121202 0.04616963
vn 0.2308456 0.05390307 0.9714962
vn 0.2308297 0.05390608 0.9714998
vn -0.3505186 -0.9268195 0.1346938
vn 0.230831 0.05389276 0.9715003
vn 0.2308248 0.0539057 0.971501
vn 0.2308345 0.05390953 0.9714985
vn 0.4073139 -0.9121198 -0.04618309
vn 0.9178045 -0.3435521 -0.1990145
vn 0.8836373 0.4063639 -0.232494
vn 0.3505191 0.9268193 -0.134694
vn -0.4073112 0.9121211 0.04618273
vn -0.9178052 0.3435504 0.1990148
vn -0.8836379 -0.4063628 0.2324937
vn 0.03429034 -0.3975234 0.9169511
vn 0.4025009 -0.4057451 0.8205876
vn 0.6429923 -0.1175908 0.7567916
vn 0.6472998 0.2526591 0.719143
vn 0.3707369 0.4920954 0.7876524
vn -0.00166978 0.499341 0.8664039
vn -0.2379736 0.2121723 0.947814
vn -0.2494983 -0.1597612 0.9551058
vn -0.5371467 0.5341699 -0.6527908
vn -0.9956483 0.03852988 0.08485344
vn -0.458502 -0.4956393 0.7376434
vn 0.5371471 -0.5341696 0.6527909
vn 0.9956479 -0.0385326 -0.08485549
vn 0.4584988 0.4956404 -0.7376446
vn 0.8294485 -0.4254125 -0.3619936
vn -0.4292024 0.8580803 -0.2819284
vn 0.4292016 -0.8580817 0.2819253
vn -0.4399463 -0.8244463 0.3559996
vn -0.9088457 -0.3581455 -0.2138491
vn -0.5085978 0.07451823 -0.8577735
vn 0.3605466 0.04088698 -0.9318446
vn -0.08137945 -0.8031275 -0.5902233
vn -0.8294466 0.4254149 0.3619953
vn -0.3605489 -0.04088992 0.9318436
vn 0.5086029 -0.07452985 0.8577694
vn 0.9088466 0.3581445 0.2138472
vn 0.439944 0.8244455 -0.3560041
vn 0.0813799 0.8031272 0.5902236
vn 0.9956472 -0.0385263 -0.08486728
vn 0.9956485 -0.03852705 -0.0848521
vn -0.02409902 -0.9859819 0.1651032
vn 0.9956477 -0.03853797 -0.08485588
vn 0.995649 -0.0385275 -0.08484606
vn 0.9956483 -0.03852212 -0.08485588
vn -0.0813932 -0.8031268 -0.5902225
vn -0.08926327 -0.1325852 -0.987144
vn -0.04540032 0.5945609 -0.8027678
vn 0.02409851 0.9859825 -0.1650996
vn 0.08139327 0.8031266 0.5902228
vn 0.08926307 0.1325868 0.9871438
vn 0.04539964 -0.5945603 0.8027684
vn 0.8619282 -0.5070078 0.004784895
vn 0.8240852 -0.4319232 -0.3665049
vn 0.8306528 -0.09743031 -0.5482
vn 0.834892 0.2685103 -0.4804765
vn 0.8850486 0.4394005 -0.1536756
vn 0.9048409 0.3650098 0.2191593
vn 0.9163275 0.02982924 0.3993173
vn 0.8809741 -0.3349063 0.3342493
vn -0.5730802 0.5506259 0.6069516
vn 0.2095597 0.04974176 0.9765298
vn 0.7826406 -0.5008844 0.3695789
vn 0.5730818 -0.5506265 -0.6069497
vn -0.2095614 -0.04974438 -0.9765294
vn -0.7826408 0.5008847 -0.3695783
vn -0.4688068 -0.4302985 -0.7714036
vn -0.2143969 0.8675415 0.4487826
vn 0.2143918 -0.8675438 -0.4487805
vn 0.3973243 -0.8241236 0.4036753
vn -0.1029415 -0.3434564 0.9335099
vn -0.7861422 0.09378965 0.6108879
vn -0.9690754 0.05036818 -0.2415695
vn -0.5860243 -0.7930753 0.1661544
vn 0.4688062 0.4302952 0.7714058
vn 0.9690753 -0.05036988 0.2415698
vn 0.7861406 -0.09379514 -0.6108892
vn 0.1029364 0.3434525 -0.933512
vn -0.3973283 0.8241209 -0.4036767
vn 0.5860241 0.7930754 -0.1661541
vn -0.2095749 -0.04973927 -0.9765267
vn -0.2095579 -0.04973923 -0.9765303
vn 0.1536461 -0.9879733 0.01736747
vn -0.2095621 -0.04974912 -0.9765289
vn -0.209553 -0.04974076 -0.9765313
vn -0.2095623 -0.04973646 -0.9765295
vn -0.5860239 -0.7930726 0.1661684
vn -0.9698358 -0.1165948 0.214066
vn -0.7827278 0.6070892 0.1370399
vn -0.153647 0.9879732 -0.01736672
vn 0.5860224 0.7930737 -0.1661681
vn 0.9698361 0.1165928 -0.2140657
vn 0.7827285 -0.6070883 -0.1370397
vn -0.1101142 -0.5178011 -0.8483849
vn -0.4727001 -0.43667 -0.7654241
vn -0.6493028 -0.09959546 -0.7539805
vn -0.5777649 0.265206 -0.7719155
vn -0.2575898 0.4305167 -0.865045
vn 0.1088023 0.3502859 -0.930302
vn 0.2816041 0.01231927 -0.9594516
vn 0.2166213 -0.3509277 -0.9110022
vn 0.5960436 0.3434318 0.7258007
vn 0.9933782 -0.04304589 -0.1065214
vn 0.3973358 -0.3864777 -0.8323216
vn -0.596043 -0.3434326 -0.7258008
vn -0.9933782 0.04304301 0.1065231
vn -0.3973332 0.3864779 0.8323228
vn -0.8641596 -0.4043062 0.2996077
vn 0.5173051 0.7416874 0.4269605
vn -0.5173053 -0.7416828 -0.4269682
vn 0.3498613 -0.7792584 -0.5199553
vn 0.870172 -0.4794666 0.113633
vn 0.5233204 -0.1420938 0.8402054
vn -0.3438449 -0.1045125 0.9331923
vn 0.006165526 -0.9058468 0.4235606
vn 0.8641577 0.4043094 -0.2996087
vn 0.3438453 0.1045111 -0.9331923
vn -0.5233237 0.1420882 -0.8402043
vn -0.8701736 0.4794645 -0.1136305
vn -0.3498623 0.7792616 0.5199498
vn -0.006165083 0.9058468 -0.4235606
vn -0.9933766 0.04304661 0.1065358
vn -0.9933781 0.0430491 0.1065209
vn -0.07802681 -0.9332498 -0.3506517
vn -0.9933786 0.04303764 0.1065212
vn -0.9933783 0.04304935 0.106519
vn -0.9933777 0.04305194 0.106524
vn 0.006179127 -0.905845 0.4235643
vn 0.08663199 -0.3283819 0.9405638
vn 0.1147182 0.4214117 0.8995844
vn 0.07802816 0.9332506 0.3506494
vn -0.006178914 0.9058453 -0.4235636
vn -0.08663224 0.3283797 -0.9405645
vn -0.1147173 -0.4214151 -0.8995829
vn -0.9089513 -0.4101327 -0.07482413
vn -0.8594339 -0.4120543 0.3026294
vn -0.8299215 -0.1198377 0.5448571
vn -0.7977602 0.2509376 0.5482782
vn -0.8340449 0.4856574 0.2617366
vn -0.8655531 0.4867999 -0.1176597
vn -0.9130726 0.1953657 -0.3579534
vn -0.9141937 -0.1767525 -0.3647034
vn -0.7263886 0.5245932 -0.444029
vn -0.9161437 0.02328122 0.4001733
vn -0.1897554 -0.5013127 0.8442029
vn 0.7263864 -0.524594 0.4440314
vn 0.9161427 -0.02328377 -0.4001755
vn 0.1897547 0.5013124 -0.8442032
vn 0.6756719 -0.4131995 -0.6105192
vn -0.5100216 0.8508211 -0.1264178
vn 0.5100234 -0.8508188 0.126426
vn -0.2897165 -0.8304963 0.4757525
vn -0.923815 -0.372555 0.08814009
vn -0.7581688 0.06506336 -0.6488042
vn 0.04157482 0.04474058 -0.9981332
vn -0.254339 -0.8053773 -0.5354243
vn -0.6756711 0.4132001 0.6105198
vn -0.04157402 -0.04474346 0.9981331
vn 0.7581694 -0.06506791 0.6488031
vn 0.9238165 0.3725508 -0.08814208
vn 0.2897193 0.8304942 -0.4757544
vn 0.2543397 0.8053756 0.5354264
vn 0.9161377 -0.0232774 -0.4001872
vn 0.9161443 -0.02327835 -0.4001722
vn 0.04522158 -0.9859306 0.1609219
vn 0.9161431 -0.02329173 -0.4001743
vn 0.9161455 -0.02328032 -0.4001694
vn 0.9161428 -0.02327366 -0.4001761
vn -0.2543539 -0.8053731 -0.5354236
vn -0.3994744 -0.1357706 -0.9066348
vn -0.3098181 0.5923088 -0.7437627
vn -0.04522022 0.9859313 -0.1609181
vn 0.2543532 0.8053752 0.5354207
vn 0.3994741 0.1357682 0.9066352
vn 0.3098195 -0.592303 0.7437668
vn 0.8254456 -0.4936062 -0.2738479
vn 0.6692426 -0.4197985 -0.6130936
vn 0.6120201 -0.08558579 -0.7861976
vn 0.632208 0.2805089 -0.7222381
vn 0.782029 0.4527506 -0.4283078
vn 0.9216241 0.3793651 -0.08180019
vn 0.9954572 0.0447359 0.08404601
vn 0.9466457 -0.3206231 0.032599
vn 0.7922271 0.3539465 0.4970897
vn 0.9071055 -0.0278719 -0.4199796
vn 0.1148789 -0.3818186 -0.91707
vn -0.7922262 -0.3539466 -0.4970911
vn -0.9071047 0.02786917 0.4199814
vn -0.114878 0.3818191 0.9170699
vn -0.7159258 -0.4170757 0.559909
vn 0.6156431 0.7503829 0.2406434
vn -0.6156417 -0.7503845 -0.2406417
vn 0.1762114 -0.7747182 -0.6072572
vn 0.8677806 -0.4657412 -0.1733267
vn 0.7674982 -0.1324317 0.6272227
vn -0.02435607 -0.1080991 0.9938418
vn 0.155647 -0.9048605 0.3962343
vn 0.7159238 0.417079 -0.5599091
vn 0.02435539 0.1081006 -0.9938416
vn -0.7675001 0.1324276 -0.6272213
vn -0.8677821 0.4657357 0.173334
vn -0.176213 0.7747101 0.6072671
vn -0.155647 0.9048604 -0.3962345
vn -0.9070992 0.02787199 0.4199932
vn -0.9071056 0.0278754 0.4199791
vn -0.1722575 -0.9349891 -0.3100369
vn -0.9071048 0.0278621 0.4199817
vn -0.9071076 0.02787447 0.4199748
vn -0.9071037 0.02787605 0.4199831
vn 0.1556599 -0.9048608 0.3962284
vn 0.3890513 -0.3252684 0.8618814
vn 0.3910613 0.4247943 0.8164686
vn 0.1722541 0.9349926 0.3100284
vn -0.1556597 0.9048612 -0.3962276
vn -0.3890518 0.3252675 -0.8618816
vn -0.3910606 -0.4247953 -0.8164684
vn -0.878484 -0.4242808 0.2196627
vn -0.7103643 -0.4247415 0.5612283
vn -0.6090916 -0.1316549 0.7820962
vn -0.5831897 0.2395785 0.7762036
vn -0.713133 0.4731817 0.5172431
vn -0.8648103 0.4731373 0.1680603
vn -0.9825256 0.1805579 -0.04519287
vn -0.9800835 -0.1915413 -0.05242523
vn 0.3984874 0.3364601 -0.8532306
vn -0.5307632 -0.03293446 -0.8468801
vn -0.9292509 -0.3693947 0.006350632
vn -0.3984888 -0.3364603 0.8532298
vn 0.5307646 0.03293157 0.8468792
vn 0.9292508 0.369395 -0.006351918
vn 0.6396596 -0.4164313 0.646081
vn 0.1715266 0.7388922 -0.6516265
vn -0.1715275 -0.7388943 0.6516238
vn -0.6348543 -0.7676438 -0.08765312
vn -0.2869953 -0.4739327 -0.8324791
vn 0.52419 -0.1514721 -0.8380221
vn 0.9875168 -0.1227212 -0.09874259
vn 0.3614705 -0.9125998 -0.1910516
vn -0.6396589 0.4164303 -0.6460823
vn -0.987517 0.1227199 0.09874204
vn -0.5241888 0.1514676 0.8380237
vn 0.286999 0.4739293 0.8324798
vn 0.6348578 0.7676407 0.08765525
vn -0.3614713 0.9125995 0.1910516
vn 0.530776 0.03293499 0.846872
vn 0.5307627 0.03293778 0.8468802
vn -0.2984334 -0.927987 0.223109
vn 0.5307636 0.03292461 0.8468802
vn 0.5307588 0.03293698 0.8468827
vn 0.5307668 0.03294108 0.8468775
vn 0.3614658 -0.9125989 -0.1910649
vn 0.8018636 -0.3430523 -0.4892137
vn 0.7665741 0.4075247 -0.4962738
vn 0.298434 0.9279867 -0.2231094
vn -0.3614624 0.9126006 0.1910633
vn -0.801865 0.3430477 0.4892145
vn -0.7665738 -0.407526 0.4962734
vn 0.3224223 -0.4164789 0.8500525
vn 0.6401701 -0.4241848 0.6405073
vn 0.8504831 -0.1357484 0.508184
vn 0.8463425 0.2351812 0.477906
vn 0.6088692 0.4742623 0.635888
vn 0.281493 0.4813729 0.8300855
vn 0.08080246 0.1935319 0.9777609
vn 0.06835419 -0.1784165 0.9815779
vn -0.3423813 0.5402871 0.7686774
vn 0.5121872 0.02875597 0.8583924
vn 0.8545685 -0.5115312 0.08971467
vn 0.342382 -0.5402874 -0.7686769
vn -0.5121892 -0.02875814 -0.858391
vn -0.8545684 0.5115316 -0.089713
vn -0.6958999 -0.4124176 -0.5879075
vn -0.0500941 0.8589561 0.509593
vn 0.05009393 -0.8589571 -0.5095913
vn 0.4972042 -0.8338553 0.2397361
vn 0.1983211 -0.3622153 0.9107518
vn -0.5476691 0.08432206 0.8324353
vn -0.9947795 0.05922158 0.08310577
vn -0.5100025 -0.7939768 0.3309054
vn 0.695899 0.4124155 0.5879099
vn 0.9947796 -0.05922319 -0.08310441
vn 0.5476664 -0.08432917 -0.8324363
vn -0.1983284 0.3622111 -0.9107519
vn -0.4972084 0.8338522 -0.239738
vn 0.5100026 0.7939767 -0.3309053
vn -0.512198 -0.02875219 -0.858386
vn -0.5121865 -0.02875277 -0.8583929
vn 0.1407998 -0.9887301 -0.05087447
vn -0.5121899 -0.02876101 -0.8583905
vn -0.5121813 -0.02875354 -0.858396
vn -0.5121894 -0.02874872 -0.8583912
vn -0.509995 -0.7939765 0.3309174
vn -0.8511069 -0.1170951 0.5117673
vn -0.6910626 0.6072673 0.3919938
vn -0.1408032 0.9887295 0.05087697
vn 0.5099942 0.7939774 -0.3309169
vn 0.8511072 0.1170933 -0.5117674
vn 0.6910636 -0.607266 -0.3919938
vn -0.3817783 -0.4997524 -0.7774915
vn -0.6977338 -0.4188965 -0.5811139
vn -0.8578188 -0.0814246 -0.5074614
vn -0.7920175 0.2833796 -0.5407443
vn -0.5169206 0.4492912 -0.7286498
vn -0.1916716 0.3689559 -0.9094689
vn -0.04087247 0.03097145 -0.9986843
vn -0.09066448 -0.3329332 -0.9385816
vn 0.08385432 0.3840135 -0.9195119
vn -0.7772296 -0.03283748 -0.6283597
vn -0.8610845 -0.4168509 0.2911513
vn -0.08385494 -0.3840141 0.9195116
vn 0.7772308 0.03283453 0.6283584
vn 0.8610833 0.4168515 -0.2911536
vn 0.831407 -0.4035761 0.3819538
vn -0.07972719 0.767468 -0.6361104
vn 0.07972694 -0.7674649 0.6361141
vn -0.5987534 -0.7961293 0.08759294
vn -0.5255508 -0.4609084 -0.7150943
vn 0.2261283 -0.09702009 -0.969254
vn 0.9046075 -0.06835332 -0.4207294
vn 0.3134949 -0.8860741 -0.3414582
vn -0.8314071 0.4035757 -0.381954
vn -0.9046075 0.06835377 0.4207292
vn -0.2261265 0.09701731 0.9692546
vn 0.5255554 0.4609041 0.7150938
vn 0.5987563 0.796127 -0.08759408
vn -0.313494 0.8860738 0.3414598
vn 0.7772391 0.03283865 0.6283479
vn 0.7772291 0.0328406 0.6283603
vn -0.173236 -0.9488811 0.2638443
vn 0.7772304 0.03282755 0.6283591
vn 0.7772256 0.03283976 0.6283646
vn 0.777232 0.03284464 0.6283563
vn 0.3134865 -0.8860717 -0.3414721
vn 0.6098408 -0.2852125 -0.7394242
vn 0.5455661 0.4623783 -0.6989735
vn 0.173233 0.9488827 -0.2638409
vn -0.3134808 0.8860765 0.3414651
vn -0.609841 0.28521 0.739425
vn -0.5455664 -0.462378 0.6989735
vn 0.5987346 -0.4265918 0.6778911
vn 0.8303595 -0.4111087 0.3761555
vn 0.9745515 -0.1080725 0.196392
vn 0.9465669 0.2629327 0.1867553
vn 0.7650046 0.4842058 0.4246325
vn 0.5192907 0.4681273 0.7149784
vn 0.3891865 0.1656925 0.9061347
vn 0.3928811 -0.2063363 0.8961416
vn -0.09204555 0.4967377 0.863006
vn 0.7636235 0.02733582 0.645083
vn 0.8556703 -0.4694021 -0.2179222
vn 0.09204666 -0.496738 -0.8630057
vn -0.7636245 -0.02733869 -0.6450815
vn -0.8556694 0.4694029 0.2179238
vn -0.8338107 -0.4285176 -0.348041
vn 0.08685835 0.8382787 0.5382791
vn -0.08685378 -0.8382797 -0.5382783
vn 0.5797431 -0.8144203 0.02484943
vn 0.4993913 -0.3807962 0.7782047
vn -0.2475611 0.02896642 0.9684392
vn -0.9141616 0.005105226 0.405318
vn -0.3427688 -0.8295243 0.440907
vn 0.8338101 0.4285186 0.3480412
vn 0.9141626 -0.005106008 -0.4053155
vn 0.2475583 -0.02897198 -0.9684398
vn -0.4993972 0.380791 -0.7782035
vn -0.579751 0.8144148 -0.0248458
vn 0.3427705 0.8295244 -0.4409055
vn -0.7636327 -0.02733165 -0.6450722
vn -0.7636228 -0.02733266 -0.645084
vn 0.1539977 -0.9779832 -0.140832
vn -0.7636243 -0.0273454 -0.6450816
vn -0.7636214 -0.02733438 -0.6450854
vn -0.7636244 -0.02733086 -0.6450821
vn -0.342761 -0.8295219 0.4409176
vn -0.6313789 -0.1773489 0.7549225
vn -0.547169 0.5578026 0.6240693
vn -0.1539963 0.9779835 0.1408308
vn 0.3427579 0.8295248 -0.4409147
vn 0.6313794 0.1773456 -0.7549229
vn 0.5471706 -0.5577996 -0.6240705
vn -0.5960319 -0.4933505 -0.633523
vn -0.83307 -0.4352998 -0.3413336
vn -0.9729519 -0.1090955 -0.2036242
vn -0.9356565 0.2595044 -0.2391742
vn -0.7438351 0.4453805 -0.4983428
vn -0.4929508 0.387827 -0.7788388
vn -0.3669106 0.06113428 -0.9282452
vn -0.380342 -0.3066074 -0.8725433
vn 0.8968428 0.3982412 0.1925539
vn 0.7212371 -0.03419744 -0.6918436
vn -0.1756061 -0.4324388 -0.8843977
vn -0.8968421 -0.3982418 -0.1925557
vn -0.7212359 0.03419478 0.6918451
vn 0.1756067 0.432439 0.8843975
vn -0.4781149 -0.3978761 0.7830076
vn 0.6314071 0.7753738 -0.01097819
vn -0.6314107 -0.775371 0.01097351
vn -0.00180825 -0.8052269 -0.5929642
vn 0.7810872 -0.4575847 -0.4248754
vn 0.9343812 -0.08008885 0.3471563
vn 0.304781 -0.05023466 0.9510968
vn 0.3105386 -0.8768252 0.3670743
vn 0.4781138 0.3978779 -0.7830073
vn -0.3047807 0.05023371 -0.951097
vn -0.9343831 0.08008217 -0.347153
vn -0.781088 0.4575796 0.4248794
vn 0.001807995 0.8052234 0.5929689
vn -0.3105389 0.8768243 -0.367076
vn -0.7212256 0.03419885 0.6918557
vn -0.7212377 0.03420059 0.6918429
vn -0.2280987 -0.9547969 -0.1906146
vn -0.7212358 0.03418858 0.6918455
vn -0.7212415 0.03420024 0.6918389
vn -0.721234 0.03420508 0.6918465
vn 0.3105518 -0.8768228 0.3670687
vn 0.6606231 -0.2664187 0.7018535
vn 0.619173 0.4795941 0.6217831
vn 0.2280991 0.9547967 0.1906151
vn -0.3105484 0.8768255 -0.3670651
vn -0.6606239 0.2664144 -0.7018543
vn -0.6191738 -0.4795922 -0.6217839
vn -0.7422195 -0.4282347 0.5154856
vn -0.4721349 -0.40534 0.7828079
vn -0.3156946 -0.09785873 0.9438011
vn -0.3072781 0.2728409 0.9116678
vn -0.5232655 0.4882359 0.6984404
vn -0.7802789 0.4647205 0.4185689
vn -0.9497975 0.1578653 0.2701172
vn -0.9356788 -0.2138987 0.280629
vn -0.8508135 0.4830415 -0.206851
vn -0.7360516 0.02827549 0.6763347
vn 0.1147618 -0.4547665 0.8831859
vn 0.8508127 -0.4830422 0.2068527
vn 0.7360502 -0.02827796 -0.6763361
vn -0.114763 0.4547668 -0.8831855
vn 0.4552153 -0.434577 -0.7771242
vn -0.5553978 0.8315621 0.006150625
vn 0.5553969 -0.8315628 -0.006151068
vn -0.08713443 -0.8068793 0.5842546
vn -0.8298506 -0.3852128 0.403682
vn -0.9300311 0.01177568 -0.3672923
vn -0.2874993 -0.01290982 -0.9576939
vn -0.3839902 -0.8402617 -0.3827686
vn -0.4552152 0.4345765 0.7771245
vn 0.2874974 0.01290632 0.9576945
vn 0.9300323 -0.01177854 0.3672891
vn 0.8298501 0.3852098 -0.4036859
vn 0.08713799 0.806878 -0.5842559
vn 0.3839912 0.8402613 0.3827685
vn 0.7360408 -0.02827418 -0.6763466
vn 0.7360524 -0.0282726 -0.676334
vn 0.132668 -0.9737214 0.1851102
vn 0.7360491 -0.02828385 -0.6763371
vn 0.7360555 -0.02827381 -0.6763305
vn 0.7360498 -0.02826725 -0.676337
vn -0.3840029 -0.8402593 -0.3827611
vn -0.6674914 -0.1965671 -0.7182038
vn -0.5574697 0.541445 -0.629337
vn -0.1326718 0.9737202 -0.1851139
vn 0.3840002 0.8402619 0.3827583
vn 0.6674918 0.1965628 0.7182046
vn 0.5574702 -0.5414428 0.6293384
vn 0.7094175 -0.492126 -0.5045185
vn 0.448558 -0.4414409 -0.7771266
vn 0.3253942 -0.1191433 -0.9380425
vn 0.3513545 0.2503937 -0.9021381
vn 0.5820623 0.4425111 -0.6821931
vn 0.8295842 0.3923385 -0.397317
vn 0.9660906 0.06952983 -0.2486659
vn 0.9171319 -0.2991196 -0.2634325
vn -0.2324044 0.3714456 -0.8988973
vn -0.9441457 -0.03703995 -0.3274401
vn -0.7117413 -0.4084857 0.5714576
vn 0.2324035 -0.3714458 0.8988975
vn 0.9441465 0.03703697 0.3274384
vn 0.7117406 0.4084859 -0.5714583
vn 0.9114529 -0.4028531 0.08344571
vn -0.2901445 0.7594396 -0.5822952
vn 0.2901405 -0.7594407 0.5822958
vn -0.5340452 -0.7917756 0.2964575
vn -0.7369217 -0.4675238 -0.4882295
vn -0.1156089 -0.110939 -0.9870801
vn 0.708576 -0.07860295 -0.701243
vn 0.17889 -0.892112 -0.4148911
vn -0.9114524 0.4028538 -0.08344644
vn -0.7085758 0.0786027 0.7012432
vn 0.1156133 0.1109338 0.9870802
vn 0.7369264 0.467519 0.4882269
vn 0.5340518 0.7917686 -0.2964643
vn -0.1788895 0.892112 0.4148914
vn 0.944151 0.03704067 0.3274246
vn 0.9441453 0.03704309 0.3274409
vn -0.07405441 -0.9444107 0.3203192
vn 0.9441463 0.03703015 0.3274392
vn 0.9441441 0.03704216 0.3274443
vn 0.9441466 0.03704589 0.3274368
vn 0.1788774 -0.8921096 -0.4149014
vn 0.3231826 -0.2980925 -0.8981614
vn 0.2767518 0.450294 -0.8489074
vn 0.07404902 0.9444162 -0.3203043
vn -0.178875 0.8921133 0.4148948
vn -0.3231827 0.2980911 0.8981618
vn -0.2767525 -0.4502921 0.8489082
vn 0.7927722 -0.4207612 0.4409901
vn 0.9084992 -0.410457 0.07844903
vn 0.9834131 -0.1105627 -0.1437863
vn 0.9539875 0.2604203 -0.1486246
vn 0.8638411 0.4857439 0.1335342
vn 0.7309953 0.4747721 0.4901401
vn 0.6731997 0.1755608 0.7183179
vn 0.6731199 -0.1965832 0.7129269
vn -0.8616018 0.499183 0.09197126
vn -0.463 0.03934409 0.8854847
vn 0.3986019 -0.4598391 0.7935141
vn 0.8616017 -0.4991835 -0.0919693
vn 0.4629979 -0.03934655 -0.8854856
vn -0.3986032 0.4598393 -0.7935133
vn 0.15723 -0.4401086 -0.8840719
vn -0.5051932 0.8415191 0.1913783
vn 0.505188 -0.8415222 -0.1913776
vn 0.1010148 -0.8071772 0.5816021
vn -0.651118 -0.3714192 0.661886
vn -0.9990752 0.02999663 -0.03080712
vn -0.5949007 -0.004348512 -0.8037875
vn -0.5062199 -0.8317922 -0.2277347
vn -0.1572318 0.4401056 0.8840731
vn 0.5949001 0.004347529 0.8037879
vn 0.9990751 -0.02999968 0.03080551
vn 0.6511155 0.3714141 -0.6618915
vn -0.1010169 0.8071741 -0.581606
vn 0.5062207 0.8317916 0.227735
vn 0.4629859 -0.03934219 -0.8854921
vn 0.4630012 -0.03934072 -0.8854842
vn 0.1696329 -0.9766129 0.1321056
vn 0.4629984 -0.03935279 -0.8854851
vn 0.4630033 -0.03934332 -0.885483
vn 0.4629962 -0.0393387 -0.8854869
vn -0.5062289 -0.8317899 -0.2277234
vn -0.8746873 -0.1818788 -0.4492686
vn -0.7275753 0.5536922 -0.4050421
vn -0.1696367 0.976612 -0.1321078
vn 0.5062292 0.8317897 0.2277232
vn 0.8746875 0.1818771 0.4492689
vn 0.7275758 -0.5536911 0.4050427
vn 0.4876027 -0.5032268 -0.713447
vn 0.1508387 -0.44685 -0.8818008
vn -0.01359528 -0.121805 -0.992461
vn 0.02975286 0.2470716 -0.9685404
vn 0.3247728 0.4341879 -0.8402401
vn 0.6531535 0.3785248 -0.6558273
vn 0.8259805 0.05277344 -0.5612229
vn 0.7681675 -0.3148713 -0.5574719
vn 0.9162141 0.3811584 -0.1235718
vn 0.4437045 -0.0449413 -0.8950456
vn -0.4725091 -0.4261002 -0.7714751
vn -0.9162141 -0.381159 0.1235705
vn -0.4437027 0.04493859 0.8950467
vn 0.4725106 0.4261005 0.7714741
vn -0.1920356 -0.3918042 0.8997843
vn 0.6045094 0.7637696 -0.2263282
vn -0.6045118 -0.763768 0.2263271
vn -0.2171786 -0.8030022 -0.5549964
vn 0.5826242 -0.4702705 -0.6628686
vn 0.9950997 -0.09830839 0.01058695
vn 0.6077695 -0.05907625 0.791913
vn 0.4003427 -0.8836055 0.2428315
vn 0.1920354 0.3918054 -0.8997838
vn -0.6077696 0.05907505 -0.7919131
vn -0.9951001 0.09830434 -0.01058553
vn -0.5826235 0.4702657 0.6628726
vn 0.2171829 0.8029975 0.5550016
vn -0.4003437 0.8836049 -0.2428321
vn -0.4436899 0.04494264 0.8950527
vn -0.4437049 0.04494451 0.8950453
vn -0.2966157 -0.9498134 -0.09936624
vn -0.443703 0.04493201 0.8950468
vn -0.4437094 0.04494332 0.8950431
vn -0.4437009 0.04494791 0.8950471
vn 0.4003536 -0.8836032 0.2428218
vn 0.8542074 -0.280845 0.4375567
vn 0.8017776 0.4660704 0.3740737
vn 0.2966158 0.9498134 0.09936615
vn -0.4003507 0.883605 -0.24282
vn -0.8542085 0.2808411 -0.437557
vn -0.8017772 -0.466071 -0.3740737
vn -0.5316187 -0.4164203 0.7375471
vn -0.1866144 -0.3993772 0.8975929
vn 0.02069579 -0.09535837 0.9952279
vn 0.02452833 0.2752344 0.9610643
vn -0.2469036 0.4952697 0.8329146
vn -0.5838723 0.4774111 0.6566369
vn -0.7992252 0.1742114 0.5752301
vn -0.7891949 -0.1977805 0.5814243
vn 0.2059587 0.5085168 0.8360572
vn 0.9370062 0.03182982 0.3478595
vn 0.7310495 -0.4766869 -0.4881968
vn -0.2059572 -0.5085177 -0.836057
vn -0.9370069 -0.03183255 -0.3478575
vn -0.731048 0.4766881 0.488198
vn -0.9026068 -0.4286993 -0.03895997
vn 0.2644423 0.844825 0.4651249
vn -0.2644394 -0.8448272 -0.4651223
vn 0.5535113 -0.8170404 -0.1614624
vn 0.7333028 -0.3731321 0.5683656
vn 0.09513832 0.04298987 0.9945354
vn -0.7228153 0.01520404 0.6908741
vn -0.1735305 -0.8218543 0.5426257
vn 0.9026056 0.4287021 0.03895786
vn 0.7228169 -0.01520948 -0.6908723
vn -0.09514032 -0.04299744 -0.9945349
vn -0.7333086 0.3731253 -0.5683626
vn -0.5535173 0.8170351 0.1614692
vn 0.1735312 0.8218539 -0.5426262
vn -0.9370117 -0.03182807 -0.347845
vn -0.937006 -0.03182669 -0.3478605
vn 0.0967407 -0.9805411 -0.1708231
vn -0.9370073 -0.03183904 -0.3478557
vn -0.937004 -0.03183104 -0.3478655
vn -0.9370071 -0.03182485 -0.3478575
vn -0.1735187 -0.8218526 0.542632
vn -0.3384094 -0.1641074 0.9265786
vn -0.3031678 0.5688068 0.7645575
vn -0.0967395 0.9805416 0.1708205
vn 0.1735172 0.8218542 -0.5426302
vn 0.3384092 0.1641071 -0.9265788
vn 0.3031681 -0.5688071 -0.7645571
vn -0.7756214 -0.4985182 -0.3871576
vn -0.8996416 -0.4353952 -0.03280366
vn -0.9844564 -0.106687 0.139512
vn -0.9612397 0.2612166 0.08822824
vn -0.8684625 0.4426707 -0.2231939
vn -0.7274531 0.3801211 -0.5712442
vn -0.6596292 0.05083985 -0.7498698
vn -0.6535644 -0.3160652 -0.6877183
vn 0.7877176 0.4154335 -0.4548802
vn 0.09559901 -0.065295 -0.9932761
vn -0.6921194 -0.4807289 -0.5383964
vn -0.7877184 -0.4154346 0.4548778
vn -0.09559711 0.0652922 0.9932765
vn 0.6921196 0.4807291 0.5383958
vn 0.1657112 -0.3592299 0.9184191
vn 0.4384696 0.7788808 -0.4484297
vn -0.4384735 -0.7788802 0.448427
vn -0.3550191 -0.8358815 -0.4186451
vn 0.3326179 -0.4732301 -0.815732
vn 0.9367988 -0.05357987 -0.3457416
vn 0.8533458 0.00341994 0.5213343
vn 0.510772 -0.8532491 0.1052523
vn -0.165711 0.3592313 -0.9184186
vn -0.8533455 -0.003421197 -0.5213346
vn -0.9367983 0.05357477 0.3457438
vn -0.3326137 0.4732258 0.8157362
vn 0.3550206 0.8358778 0.4186509
vn -0.5107718 0.8532491 -0.1052525
vn -0.09558383 0.06529731 0.9932775
vn -0.09560005 0.06529813 0.9932758
vn -0.257477 -0.9655102 0.03867479
vn -0.09559748 0.06528494 0.9932769
vn -0.0956051 0.06529737 0.9932753
vn -0.09559557 0.06530166 0.993276
vn 0.5107778 -0.8532474 0.1052376
vn 0.9688594 -0.2228678 0.1078957
vn 0.8543832 0.5174009 0.04822537
vn 0.2574729 0.9655113 -0.03867556
vn -0.5107724 0.8532507 -0.1052373
vn -0.9688598 0.2228659 -0.1078957
vn -0.8543838 -0.5173998 -0.04822582
vn -0.2074377 -0.4060969 0.8899747
vn 0.1704125 -0.3666443 0.9146211
vn 0.3811166 -0.04967659 0.9231914
vn 0.3511783 0.3188206 0.8803563
vn 0.03970195 0.5206609 0.85284
vn -0.3364173 0.4800245 0.8101851
vn -0.5488549 0.1642437 0.8196232
vn -0.5159324 -0.2062898 0.8314194
vn -0.7986813 0.4641628 0.3829636
vn -0.1166835 0.05842636 0.9914491
vn 0.6819987 -0.4057372 0.6084859
vn 0.7986822 -0.4641636 -0.3829608
vn 0.1166813 -0.0584292 -0.9914492
vn -0.6819988 0.4057371 -0.6084859
vn -0.1447584 -0.4718689 -0.8697038
vn -0.4505856 0.8260581 0.3385273
vn 0.4505918 -0.826055 -0.3385266
vn 0.3487299 -0.7750544 0.5269518
vn -0.3484767 -0.3698674 0.8612562
vn -0.9438218 -0.01567842 0.3300826
vn -0.8419635 -0.06668086 -0.5353982
vn -0.5055499 -0.862754 -0.008655976
vn 0.1447581 0.4718682 0.8697043
vn 0.8419628 0.06667995 0.5353994
vn 0.9438214 0.0156733 -0.3300842
vn 0.348472 0.3698609 -0.8612608
vn -0.3487308 0.7750536 -0.5269524
vn 0.5055486 0.8627547 0.008657815
vn 0.1166699 -0.05842213 -0.991451
vn 0.1166844 -0.0584233 -0.9914492
vn 0.2614602 -0.9612463 0.08743123
vn 0.1166823 -0.05843356 -0.9914488
vn 0.1166921 -0.05842384 -0.9914483
vn 0.1166789 -0.05842117 -0.99145
vn -0.5055546 -0.8627514 -0.008643952
vn -0.9655721 -0.2403674 -0.09946911
vn -0.8548695 0.5022377 -0.1302132
vn -0.2614605 0.9612461 -0.08743175
vn 0.5055534 0.862752 0.008643228
vn 0.9655724 0.2403661 0.0994693
vn 0.8548703 -0.5022364 0.1302132
vn 0.2278486 -0.5125938 -0.8278482
vn -0.1495165 -0.47878 -0.8651096
vn -0.361042 -0.1666174 -0.9175442
vn -0.3332559 0.2045189 -0.9203871
vn -0.02312077 0.4100728 -0.9117597
vn 0.352135 0.3773178 -0.8565233
vn 0.5657749 0.06410097 -0.8220644
vn 0.5343484 -0.3052037 -0.7882402
vn 0.4862686 0.4683373 0.7377012
vn 0.9989457 0.04496844 -0.009237875
vn 0.5126765 -0.4233706 -0.7469406
vn -0.4862652 -0.468338 -0.737703
vn -0.9989456 -0.04497126 0.009239329
vn -0.5126784 0.4233697 0.7469398
vn -0.850902 -0.4568819 0.2592775
vn 0.4033642 0.8264636 0.3927535
vn -0.4033582 -0.8264625 -0.392762
vn 0.4686633 -0.7872047 -0.4008287
vn 0.8931479 -0.3783734 0.2431469
vn 0.445609 -0.008792827 0.8951846
vn -0.4264173 -0.04805144 0.9032493
vn 0.04330015 -0.8561143 0.5149693
vn 0.8509012 0.4568838 -0.2592767
vn 0.4264175 0.04804711 -0.9032495
vn -0.4456109 0.008784813 -0.8951837
vn -0.8931496 0.3783709 -0.2431444
vn -0.4686656 0.7872039 0.4008275
vn -0.04329885 0.8561142 -0.5149696
vn -0.9989457 -0.04496614 0.009252158
vn -0.9989459 -0.04496546 0.009237202
vn 0.04111069 -0.9656593 -0.2565386
vn -0.9989451 -0.04498244 0.009240204
vn -0.9989459 -0.04496566 0.009229784
vn -0.998946 -0.04496232 0.009242999
vn 0.04331344 -0.8561096 0.5149762
vn 0.0192147 -0.226708 0.9737732
vn -0.01525484 0.5148254 0.8571593
vn -0.04111091 0.9656591 0.2565392
vn -0.04331347 0.8561139 -0.5149689
vn -0.01921415 0.2267044 -0.9737741
vn 0.01525524 -0.5148249 -0.8571596
vn -0.8566577 -0.5029013 -0.1150122
vn -0.8458399 -0.4638006 0.2635224
vn -0.8671617 -0.1482528 0.475449
vn -0.8685117 0.2225031 0.4429218
vn -0.8961054 0.423998 0.1312286
vn -0.8888112 0.3857096 -0.2474729
vn -0.8856027 0.06935229 -0.4592366
vn -0.8530373 -0.299995 -0.4270017
vn -0.544495 0.4123087 -0.7304292
vn -0.9982055 -0.05154369 0.03048139
vn -0.4537116 -0.4638532 0.7609113
vn 0.5444918 -0.4123092 0.7304313
vn 0.9982055 0.05154072 -0.03048315
vn 0.4537116 0.463853 -0.7609115
vn 0.8855066 -0.3750543 -0.2742489
vn -0.4894403 0.7799763 -0.3899809
vn 0.4894409 -0.7799717 0.3899896
vn -0.3819386 -0.824967 0.4165961
vn -0.8572502 -0.4650462 -0.2210302
vn -0.4611828 -0.06012773 -0.8852656
vn 0.4101934 -0.01513184 -0.9118731
vn 0.0289635 -0.8610789 -0.5076459
vn -0.885508 0.375052 0.2742475
vn -0.4101951 0.01513067 0.9118723
vn 0.4611902 0.06011626 0.8852625
vn 0.8572533 0.4650411 0.2210286
vn 0.3819381 0.8249695 -0.4165916
vn -0.02896168 0.8610793 0.5076452
vn 0.9982049 0.05154523 -0.030497
vn 0.9982054 0.05154683 -0.03048036
vn 0.05776941 -0.9626752 0.2644224
vn 0.998206 0.05153358 -0.03048307
vn 0.9982055 0.05154631 -0.03047386
vn 0.998205 0.05155041 -0.03048613
vn 0.02894881 -0.8610781 -0.5076481
vn -0.01745083 -0.2366075 -0.9714486
vn -0.05240606 0.505854 -0.8610258
vn -0.0577695 0.9626771 -0.2644157
vn -0.02894868 0.8610814 0.5076424
vn 0.01745034 0.236605 0.9714492
vn 0.05240529 -0.5058544 0.8610256
vn 0.9034626 -0.4168028 0.1001539
vn 0.8810515 -0.3824678 -0.2783285
vn 0.867358 -0.06833611 -0.4929708
vn 0.8335388 0.3011127 -0.4631893
vn 0.8480006 0.5072369 -0.1536415
vn 0.8523149 0.4719693 0.2253982
vn 0.8841062 0.1587733 0.4394853
vn 0.8867342 -0.21228 0.4106577
vt 0.1692273 -0.06153539
vt 0.1687526 -0.06900707
vt 0.1995532 -0.07096401
vt 0.2000279 -0.06349233
vt 0.1709211 -0.07010941
vt 0.1707148 -0.07759334
vt 0.2015658 -0.07844398
vt 0.2017721 -0.07096007
vt 0.1720513 -0.01934145
vt 0.171687 -0.02681933
vt 0.2025132 -0.02832099
vt 0.2028775 -0.02084311
vt -0.1687526 -0.06900692
vt -0.1692273 -0.06153524
vt -0.1807775 -0.06226905
vt -0.1827025 -0.06239135
vt -0.1865526 -0.06263596
vt -0.1884777 -0.06275828
vt -0.2000279 -0.06349214
vt -0.1995532 -0.07096384
vt -0.1899967 -0.07812494
vt -0.1900483 -0.07625396
vt -0.1901514 -0.072512
vt -0.190203 -0.07064102
vt -0.2017722 -0.07096001
vt -0.2015658 -0.07844392
vt -0.1909533 -0.02775779
vt -0.1890267 -0.02766395
vt -0.1851734 -0.02747623
vt -0.1832468 -0.02738237
vt -0.171687 -0.02681922
vt -0.1720513 -0.01934134
vt -0.2028775 -0.02084301
vt -0.2025132 -0.02832089
vt -0.1891805 -0.06360701
vt -0.1892601 -0.06967076
vt -0.1867443 -0.07041506
vt -0.1866461 -0.06292895
vt 0.1278118 0.05153575
vt 0.1320134 0.0471629
vt 0.1343272 0.04839972
vt 0.12914 0.0537983
vt -0.1463195 0.06931867
vt -0.1505211 0.06494582
vt -0.1491929 0.06268328
vt -0.1440057 0.06808186
vt 0.1280765 0.06459613
vt 0.1246975 0.06963182
vt 0.1222042 0.06881534
vt 0.1263757 0.06259844
vt 0.1612264 -0.08215888
vt 0.1615972 -0.07610594
vt 0.15912 -0.07524162
vt 0.1586623 -0.08271436
vt 0.0949363 -0.1859725
vt 0.09937026 -0.1818354
vt 0.0981675 -0.1795038
vt 0.09269346 -0.1846112
vt -0.1620234 -0.1371126
vt -0.1583662 -0.14195
vt -0.1559228 -0.1409943
vt -0.160438 -0.1350223
vt -0.02766719 -0.06112456
vt -0.03313428 -0.06374872
vt -0.03359525 -0.06979546
vt -0.02858912 -0.07321803
vt -0.02312201 -0.07059386
vt -0.02266105 -0.06454714
vt 0.1635162 -0.06394368
vt 0.1635957 -0.07000744
vt 0.1661302 -0.07068549
vt 0.166032 -0.06319937
vt 0.1415499 -0.1216336
vt 0.1378927 -0.126471
vt 0.1394782 -0.1285613
vt 0.1439933 -0.1225893
vt -0.07742773 -0.1672058
vt -0.08186168 -0.1630687
vt -0.08410452 -0.1644299
vt -0.0786305 -0.1695374
vt -0.1356083 -0.08058957
vt -0.1359791 -0.07453664
vt -0.1385432 -0.07398113
vt -0.1380854 -0.08145389
vt -0.1067635 0.05029509
vt -0.1033846 0.05533078
vt -0.1050853 0.05732848
vt -0.1092568 0.05111157
vt 0.0226608 -0.06454721
vt 0.02312176 -0.07059394
vt 0.02858885 -0.07321809
vt 0.033595 -0.06979553
vt 0.03313403 -0.06374879
vt 0.02766693 -0.06112463
vt -0.1901515 -0.07251173
vt -0.1882749 -0.07058757
vt -0.1902031 -0.07064074
vt -0.1824386 -0.07229941
vt -0.1823354 -0.07604136
vt -0.1822838 -0.07791235
vt -0.1707147 -0.07759336
vt -0.170921 -0.07010943
vt -0.1824901 -0.07042843
vt 0.03487092 0.08234058
vt 0.03517187 0.08501141
vt -0.006450067 0.08970153
vt -0.006751028 0.08703068
vt -0.1900484 -0.07625393
vt -0.1899968 -0.07812491
vt -0.1880686 -0.07807174
vt -0.1842119 -0.07796561
vt -0.1822837 -0.07791245
vt -0.1823353 -0.07604147
vt -0.1824385 -0.07229933
vt -0.1824901 -0.07042836
vt -0.1844183 -0.07048151
vt 0.0199614 -0.07271536
vt 0.02024597 -0.06898282
vt -0.02151818 -0.06579868
vt -0.02180275 -0.06953122
vt 0.00573918 -0.1863302
vt 0.006023664 -0.1836576
vt -0.03562635 -0.1792237
vt -0.03591082 -0.1818963
vt -0.1701663 -0.08858238
vt -0.1665384 -0.08727033
vt -0.180783 -0.04788156
vt -0.1844108 -0.04919361
vt -0.03514456 0.08477028
vt -0.03484361 0.08209945
vt 0.006778336 0.08678956
vt 0.006477369 0.08946039
vt -0.02024597 -0.06898221
vt -0.01996142 -0.07271477
vt 0.02180273 -0.06953063
vt 0.02151818 -0.06579809
vt -0.006049282 -0.1834164
vt -0.005764798 -0.186089
vt 0.03588521 -0.1816551
vt 0.03560073 -0.1789825
vt 0.1665373 -0.08727263
vt 0.1701652 -0.08858473
vt 0.1844102 -0.04919614
vt 0.1807824 -0.04788404
vt -0.1661011 -0.03266266
vt -0.1704939 -0.03464971
vt -0.1686944 -0.03664612
vt -0.1506553 -0.06703021
vt -0.1550722 -0.06509702
vt -0.1551241 -0.06884003
vt -0.1661895 -0.09662377
vt -0.1687711 -0.09263273
vt -0.1705765 -0.09462385
vt -0.1858802 -0.07930447
vt -0.1840851 -0.07490318
vt -0.1879411 -0.07502125
vt -0.1826556 -0.06084494
vt -0.1783821 -0.05861268
vt -0.1802916 -0.05672121
vt -0.1725332 -0.07990333
vt -0.167983 -0.08149754
vt -0.1682138 -0.07776128
vt -0.1808677 -0.08963026
vt -0.1780551 -0.09346209
vt -0.1763703 -0.09136795
vt -0.1865903 -0.05181005
vt -0.1883726 -0.05621647
vt -0.1845169 -0.0560873
vt 0.1983044 -0.1875732
vt 0.1965676 -0.1948557
vt 0.2265883 -0.2020156
vt 0.2283252 -0.1947331
vt 0.1103503 -0.3058053
vt 0.1069738 -0.3124873
vt 0.1345194 -0.3264066
vt 0.137896 -0.3197245
vt -0.2496069 -0.02169608
vt -0.2526887 -0.01487305
vt -0.2808154 -0.02757734
vt -0.2777336 -0.03440036
vt -0.1965676 -0.1948558
vt -0.1983045 -0.1875733
vt -0.2095623 -0.1902582
vt -0.2114385 -0.1907057
vt -0.2151911 -0.1916007
vt -0.2170674 -0.1920482
vt -0.2283252 -0.1947332
vt -0.2265884 -0.2020157
vt -0.1241882 -0.3211875
vt -0.1250323 -0.319517
vt -0.1267206 -0.316176
vt -0.1275648 -0.3145055
vt -0.1378944 -0.3197252
vt -0.1345178 -0.3264073
vt 0.2702676 -0.02281332
vt 0.2685097 -0.02201928
vt 0.2649938 -0.02043127
vt 0.263236 -0.01963726
vt 0.2526885 -0.01487321
vt 0.2496067 -0.02169625
vt 0.2777334 -0.03440047
vt 0.2808152 -0.02757743
vt 0.03278408 -0.3322979
vt 0.0376608 -0.3359025
vt 0.03973381 -0.3342944
vt 0.03371317 -0.3298444
vt 0.08583038 -0.1597855
vt 0.08450495 -0.1657032
vt 0.08681379 -0.1669492
vt 0.08845012 -0.1596434
vt -0.1108752 -0.1653951
vt -0.1095498 -0.1713128
vt -0.1069301 -0.1714549
vt -0.1085664 -0.1641492
vt -0.0877407 0.1306558
vt -0.0899483 0.1250077
vt -0.08785515 0.1234259
vt -0.08512974 0.130399
vt 0.2948229 -0.1153713
vt 0.2922402 -0.1098845
vt 0.2896525 -0.1103164
vt 0.2928409 -0.1170903
vt 0.2881643 -0.2012996
vt 0.2893101 -0.1953445
vt 0.2869646 -0.194169
vt 0.2855501 -0.2015208
vt 0.281168 -0.2022139
vt 0.2857935 -0.1982921
vt 0.2847029 -0.195906
vt 0.2789924 -0.2007477
vt 0.1801667 -0.1314048
vt 0.1803628 -0.1374659
vt 0.18571 -0.1403266
vt 0.190861 -0.1371262
vt 0.1906648 -0.1310651
vt 0.1853177 -0.1282044
vt -0.04804087 -0.3116573
vt -0.05291758 -0.3152619
vt -0.05198849 -0.3177155
vt -0.04596784 -0.3132654
vt -0.2645696 -0.1826366
vt -0.269195 -0.1787147
vt -0.2713707 -0.180181
vt -0.2656602 -0.1850227
vt -0.2629592 -0.1964506
vt -0.2641051 -0.1904955
vt -0.2667193 -0.1902742
vt -0.2653047 -0.1976261
vt -0.2716003 -0.1263027
vt -0.2690177 -0.1208158
vt -0.2709996 -0.1190968
vt -0.2741881 -0.1258707
vt 0.06383773 0.1213115
vt 0.06604528 0.1156633
vt 0.06865628 0.1159201
vt 0.0659309 0.1228932
vt -0.1853179 -0.1282044
vt -0.190665 -0.1310651
vt -0.1908611 -0.1371261
vt -0.1857101 -0.1403265
vt -0.180363 -0.1374658
vt -0.1801669 -0.1314047
vt -0.1267167 -0.3161773
vt -0.1258393 -0.3136368
vt -0.1275609 -0.3145068
vt -0.119837 -0.312695
vt -0.1181487 -0.316036
vt -0.1173046 -0.3177065
vt -0.106975 -0.3124869
vt -0.1103515 -0.3058048
vt -0.1206811 -0.3110244
vt -0.01808813 0.0210055
vt -0.02073402 0.02147791
vt -0.02809596 -0.01975537
vt -0.02545005 -0.02022778
vt -0.1250309 -0.3195177
vt -0.1241868 -0.3211882
vt -0.1224651 -0.3203183
vt -0.1190288 -0.3185755
vt -0.1173072 -0.3177056
vt -0.1181513 -0.316035
vt -0.1198364 -0.312695
vt -0.1206805 -0.3110245
vt -0.1224021 -0.3118944
vt 0.2099832 -0.09249675
vt 0.2066825 -0.09073086
vt 0.1869236 -0.1276628
vt 0.1902243 -0.1294287
vt 0.3046364 -0.1524935
vt 0.3022979 -0.1511686
vt 0.2816498 -0.1876108
vt 0.2839883 -0.1889357
vt 0.2495419 -0.04933797
vt 0.2458177 -0.04833119
vt 0.2348862 -0.08876488
vt 0.2386104 -0.08977167
vt 0.02049388 0.02143467
vt 0.01784799 0.02096226
vt 0.02521 -0.02027101
vt 0.02785589 -0.01979859
vt -0.2066826 -0.09073101
vt -0.2099833 -0.09249688
vt -0.1902243 -0.1294288
vt -0.1869237 -0.1276629
vt -0.3020866 -0.151049
vt -0.3044251 -0.152374
vt -0.283777 -0.1888162
vt -0.2814385 -0.1874913
vt -0.2458179 -0.04833115
vt -0.2495421 -0.04933794
vt -0.2386106 -0.08977162
vt -0.2348864 -0.08876483
vt -0.07374354 -0.278576
vt -0.07600684 -0.2828332
vt -0.07336247 -0.283314
vt 0.05971644 -0.3025826
vt 0.05558166 -0.3050624
vt 0.05860223 -0.3072734
vt 0.1605414 -0.2983044
vt 0.1559223 -0.2994257
vt 0.1572068 -0.3017866
vt 0.2452004 -0.2134022
vt 0.2405922 -0.2122368
vt 0.2412454 -0.2160389
vt -0.3066568 -0.01502449
vt -0.3019183 -0.01591499
vt -0.3022481 -0.01324756
vt -0.3048615 -0.1035886
vt -0.301691 -0.1072209
vt -0.3000476 -0.1038576
vt -0.2690513 -0.206848
vt -0.2669599 -0.2111164
vt -0.2649316 -0.2093528
vt -0.1926849 -0.2464113
vt -0.1933747 -0.2511143
vt -0.189659 -0.250077
vt -0.1489794 -0.113012
vt -0.156374 -0.1118407
vt -0.1612028 -0.1423233
vt -0.1538083 -0.1434947
vt -0.1763741 -0.06187234
vt -0.1830519 -0.05848743
vt -0.1970056 -0.08601566
vt -0.1903277 -0.08940057
vt -0.04075436 -0.1286859
vt -0.04782412 -0.1262222
vt -0.05798001 -0.1553661
vt -0.05091023 -0.1578297
vt 0.1563736 -0.1118409
vt 0.1489791 -0.1130123
vt 0.1507899 -0.1244432
vt 0.1510917 -0.1263484
vt 0.1516953 -0.1301587
vt 0.1519971 -0.1320639
vt 0.1538079 -0.1434949
vt 0.1612025 -0.1423235
vt 0.1917731 -0.07569274
vt 0.1901036 -0.07653897
vt 0.1867647 -0.07823141
vt 0.1850952 -0.07907767
vt 0.1903279 -0.08940078
vt 0.1970057 -0.08601586
vt 0.05417145 -0.1444371
vt 0.05353671 -0.1426156
vt 0.05226722 -0.1389727
vt 0.05163248 -0.1371512
vt 0.04782401 -0.1262222
vt 0.04075423 -0.1286859
vt 0.0509101 -0.1578298
vt 0.0579799 -0.1553662
vt 0.2012778 -0.09692644
vt 0.2065979 -0.09401575
vt 0.2060097 -0.09145895
vt 0.1994418 -0.09505238
vt -0.1402784 -0.06183879
vt -0.1462822 -0.06098492
vt -0.147342 -0.06338497
vt -0.1399298 -0.06443913
vt 0.1438923 -0.08724864
vt 0.1498962 -0.08639478
vt 0.1502447 -0.08379447
vt 0.1428326 -0.08484861
vt -0.02433936 -0.06472608
vt -0.01857826 -0.06661947
vt -0.01711412 -0.06444245
vt -0.02422659 -0.06210493
vt -0.1718097 -0.01899624
vt -0.1666524 -0.02218652
vt -0.164719 -0.02041304
vt -0.171086 -0.01647444
vt -0.1762857 -0.1429717
vt -0.1704034 -0.144446
vt -0.1690996 -0.1421694
vt -0.1763617 -0.1403492
vt 0.09646623 -0.1967345
vt 0.1018722 -0.1939867
vt 0.101362 -0.1914132
vt 0.0946879 -0.1948056
vt 0.1021081 0.1078609
vt 0.1078826 0.1097132
vt 0.1091657 0.1156402
vt 0.1046744 0.1197148
vt 0.09889989 0.1178625
vt 0.09761679 0.1119356
vt -0.1889585 -0.07440991
vt -0.1942786 -0.07149923
vt -0.1961147 -0.0733733
vt -0.1895467 -0.07696673
vt -0.08483595 -0.1738542
vt -0.09024192 -0.1711064
vt -0.09202024 -0.1730353
vt -0.08534621 -0.1764278
vt 0.1700457 -0.1180755
vt 0.1641633 -0.1195498
vt 0.1640874 -0.1221723
vt 0.1713495 -0.1203522
vt 0.1583075 0.002830336
vt 0.1531502 -0.0003599318
vt 0.1538739 -0.002881739
vt 0.1602409 0.001056851
vt 0.01632639 -0.04034369
vt 0.01056528 -0.04223708
vt 0.01067805 -0.04485825
vt 0.01779053 -0.04252073
vt -0.09761682 0.1119355
vt -0.09889992 0.1178625
vt -0.1046744 0.1197148
vt -0.1091657 0.1156401
vt -0.1078826 0.1097131
vt -0.1021082 0.1078608
vt 0.186764 -0.07823194
vt 0.1842224 -0.07735766
vt 0.1850945 -0.07907819
vt 0.183276 -0.07134893
vt 0.186615 -0.06965646
vt 0.1882845 -0.06881025
vt 0.1830518 -0.05848718
vt 0.176374 -0.06187209
vt 0.1816066 -0.07219516
vt 0.02702546 -0.01685075
vt 0.02675146 -0.01952449
vt 0.06841855 -0.02379461
vt 0.06869256 -0.02112087
vt 0.1901038 -0.07653923
vt 0.1917733 -0.075693
vt 0.1909012 -0.07397248
vt 0.1891568 -0.07053053
vt 0.1882847 -0.06881004
vt 0.1866152 -0.06965625
vt 0.1832758 -0.07134904
vt 0.1816063 -0.07219528
vt 0.1824784 -0.07391578
vt 0.05650822 0.1258539
vt 0.05571626 0.1221953
vt 0.09665345 0.1133338
vt 0.09744541 0.1169924
vt 0.03082532 -0.2017288
vt 0.03005089 -0.199155
vt -0.01005833 -0.2112228
vt -0.009283903 -0.2137965
vt -0.01182198 -0.1545021
vt -0.0122428 -0.1506673
vt -0.05387825 -0.1552356
vt -0.05345742 -0.1590705
vt -0.0267764 -0.01928323
vt -0.02705041 -0.01660949
vt -0.06871751 -0.02087962
vt -0.06844349 -0.02355335
vt -0.05571621 0.122195
vt -0.05650816 0.1258537
vt -0.09744537 0.1169922
vt -0.09665342 0.1133335
vt -0.02998074 -0.1989226
vt -0.03075514 -0.2014964
vt 0.009354101 -0.2135641
vt 0.01012851 -0.2109903
vt 0.01224264 -0.1506674
vt 0.01182182 -0.1545023
vt 0.05345728 -0.1590706
vt 0.0538781 -0.1552358
vt 0.1746127 -0.07217623
vt 0.1785366 -0.07497786
vt 0.1793597 -0.07241927
vt 0.1858104 -0.06182065
vt 0.1863094 -0.06661614
vt 0.1895903 -0.06481376
vt 0.1808446 -0.08922895
vt 0.1781003 -0.09311004
vt 0.1806202 -0.09404511
vt 0.1572909 -0.09014599
vt 0.1525413 -0.09033477
vt 0.1542457 -0.0937957
vt 0.155747 -0.0503922
vt 0.1515835 -0.04796091
vt 0.1509976 -0.05058403
vt 0.175063 -0.02933199
vt 0.1743026 -0.02457092
vt 0.1711251 -0.02655001
vt 0.186995 -0.07273592
vt 0.1898868 -0.06896351
vt 0.1874049 -0.06793196
vt 0.1732256 -0.0948955
vt 0.177972 -0.09515093
vt 0.1765982 -0.09154598
vt -0.314307 -0.07895335
vt -0.3185396 -0.07277791
vt -0.3439967 -0.09022629
vt -0.3397641 -0.09640171
vt -0.106698 -0.3046403
vt -0.1141846 -0.3046923
vt -0.1139703 -0.3355543
vt -0.1064838 -0.3355023
vt 0.2552725 -0.1650538
vt 0.2510535 -0.1712385
vt 0.2765491 -0.1886306
vt 0.2807681 -0.1824458
vt 0.3185396 -0.07277777
vt 0.3143069 -0.07895321
vt 0.3238533 -0.08549635
vt 0.3254444 -0.08658686
vt 0.3286265 -0.0887679
vt 0.3302176 -0.08985843
vt 0.3397641 -0.09640156
vt 0.3439967 -0.09022613
vt 0.1140505 -0.3239813
vt 0.1121789 -0.3239683
vt 0.1084356 -0.3239423
vt 0.1065639 -0.3239293
vt 0.1064836 -0.3355026
vt 0.1139702 -0.3355546
vt -0.2669886 -0.182108
vt -0.2653951 -0.181021
vt -0.2622082 -0.178847
vt -0.2606147 -0.17776
vt -0.2510539 -0.171238
vt -0.2552729 -0.1650532
vt -0.2807685 -0.1824452
vt -0.2765495 -0.18863
vt 0.0629361 -0.3375226
vt 0.06894078 -0.3383707
vt 0.0699982 -0.3359697
vt 0.06258503 -0.3349226
vt -0.2584078 0.03759594
vt -0.2602245 0.0433817
vt -0.2628469 0.04330375
vt -0.2606041 0.03616084
vt 0.2828971 0.02990423
vt 0.2847138 0.03568997
vt 0.2825176 0.03712509
vt 0.2802747 0.02998219
vt 0.1714562 -0.1489653
vt 0.1754481 -0.1444002
vt 0.1740153 -0.1422024
vt 0.169087 -0.1478383
vt -0.1145297 -0.2582383
vt -0.1084655 -0.2582134
vt -0.1077646 -0.2556852
vt -0.1152513 -0.2557158
vt -0.3205587 -0.1237539
vt -0.3165457 -0.1283005
vt -0.3141817 -0.1271626
vt -0.3191361 -0.1215495
vt -0.3414962 -0.1009642
vt -0.3396663 -0.1067458
vt -0.337044 -0.1066618
vt -0.3393032 -0.09952407
vt -0.1067733 0.06888606
vt -0.1098269 0.07412535
vt -0.1158912 0.07410042
vt -0.1189017 0.0688362
vt -0.115848 0.06359689
vt -0.1097838 0.06362183
vt -0.06652179 -0.3121088
vt -0.07252645 -0.312957
vt -0.07287749 -0.315557
vt -0.06546433 -0.3145098
vt 0.3170261 -0.0932195
vt 0.3151962 -0.09900109
vt 0.3173892 -0.1004412
vt 0.3196484 -0.09330348
vt 0.3013162 -0.1067697
vt 0.2973032 -0.1113163
vt 0.2987259 -0.1135206
vt 0.3036802 -0.1079076
vt 0.1146344 -0.2325728
vt 0.1085702 -0.232548
vt 0.1078486 -0.2350704
vt 0.1153353 -0.2351011
vt -0.1521332 -0.1320691
vt -0.1561252 -0.1275041
vt -0.1584944 -0.128631
vt -0.1535661 -0.1342669
vt 0.1097838 0.06362195
vt 0.115848 0.06359701
vt 0.1189017 0.0688363
vt 0.1158912 0.07410054
vt 0.109827 0.07412547
vt 0.1067733 0.06888616
vt 0.1084276 -0.3239448
vt 0.1065694 -0.3220029
vt 0.1065559 -0.3239318
vt 0.1084888 -0.3162265
vt 0.1122321 -0.3162525
vt 0.1141037 -0.3162655
vt 0.1141841 -0.3046923
vt 0.1066975 -0.3046403
vt 0.1066171 -0.3162135
vt 0.1459427 -0.0388644
vt 0.1484188 -0.03990963
vt 0.1647075 -0.001321292
vt 0.1622313 -0.0002760554
vt 0.1121813 -0.3239678
vt 0.114053 -0.3239807
vt 0.1140663 -0.3220519
vt 0.1140913 -0.318194
vt 0.1141047 -0.3162651
vt 0.112233 -0.3162521
vt 0.1084864 -0.3162271
vt 0.1066147 -0.3162141
vt 0.1066013 -0.3181431
vt -0.1145125 0.02048015
vt -0.1107692 0.02049555
vt -0.1109412 0.06238051
vt -0.1146845 0.06236513
vt -0.2923472 -0.1022867
vt -0.2898761 -0.1012295
vt -0.3063513 -0.06272039
vt -0.3088224 -0.06377764
vt -0.2870999 -0.1456584
vt -0.2837804 -0.1436927
vt -0.3051219 -0.1076522
vt -0.3084414 -0.1096179
vt -0.1481948 -0.0398143
vt -0.1457186 -0.03876907
vt -0.1620072 -0.0001807122
vt -0.1644834 -0.001225958
vt 0.1107688 0.02049574
vt 0.1145122 0.02048034
vt 0.1146842 0.06236532
vt 0.1109408 0.06238072
vt 0.2896532 -0.1011343
vt 0.2921242 -0.1021915
vt 0.3085995 -0.06368248
vt 0.3061284 -0.06262524
vt 0.28378 -0.1436926
vt 0.2870995 -0.1456583
vt 0.3084409 -0.1096177
vt 0.3051215 -0.1076521
vt 0.3050108 -0.07283393
vt 0.309828 -0.07303427
vt 0.3091183 -0.07044193
vt 0.04599909 -0.3044099
vt 0.04318602 -0.3083255
vt 0.04683563 -0.3091581
vt -0.2117439 -0.2598066
vt -0.2158326 -0.2573825
vt -0.2165626 -0.2599692
vt -0.1423928 -0.2989036
vt -0.1444216 -0.294605
vt -0.146942 -0.2975258
vt -0.01996436 -0.2972625
vt -0.02070789 -0.2924988
vt -0.02311192 -0.2937007
vt 0.111463 -0.2684038
vt 0.1133528 -0.2639681
vt 0.1096094 -0.2639529
vt 0.221652 -0.2423506
vt 0.2248276 -0.2388138
vt 0.2224331 -0.2375929
vt 0.2880529 -0.1741719
vt 0.2926115 -0.1728256
vt 0.2901113 -0.1698875
vt 0.1365803 -0.2173235
vt 0.133503 -0.2241486
vt 0.161638 -0.2368345
vt 0.1647153 -0.2300094
vt -0.08175685 -0.2873391
vt -0.08834199 -0.290901
vt -0.0736585 -0.318047
vt -0.06707336 -0.314485
vt -0.2158762 -0.05550087
vt -0.2197108 -0.04907065
vt -0.2462181 -0.06487789
vt -0.2423836 -0.07130811
vt -0.1335033 -0.224148
vt -0.1365807 -0.217323
vt -0.1471313 -0.2220802
vt -0.1488898 -0.222873
vt -0.1524066 -0.2244587
vt -0.1541651 -0.2252516
vt -0.1647157 -0.2300088
vt -0.1616383 -0.2368339
vt 0.07916597 -0.307867
vt 0.07751967 -0.3069765
vt 0.07422711 -0.3051955
vt 0.07258081 -0.3043051
vt 0.06707454 -0.3144849
vt 0.07365967 -0.3180468
vt 0.2362779 -0.05895033
vt 0.2346212 -0.05796236
vt 0.2313078 -0.05598646
vt 0.2296511 -0.05499853
vt 0.2197108 -0.04907084
vt 0.2158763 -0.05550105
vt 0.2423836 -0.0713083
vt 0.2462182 -0.06487808
vt 0.1395665 -0.2822756
vt 0.1454143 -0.2838813
vt 0.1467689 -0.2816344
vt 0.1395493 -0.279652
vt 0.02816378 -0.1771656
vt 0.02529118 -0.1825063
vt 0.02717831 -0.184329
vt 0.03072474 -0.1777354
vt -0.05077012 -0.1893235
vt -0.04789752 -0.1946643
vt -0.04533657 -0.1940944
vt -0.048883 -0.1875009
vt -0.1159202 0.06315335
vt -0.1155737 0.05709901
vt -0.1130119 0.05653321
vt -0.1134396 0.06400772
vt 0.2585976 -0.1260489
vt 0.2562776 -0.120446
vt 0.2536723 -0.120755
vt 0.2565365 -0.1276722
vt 0.2469023 -0.2148685
vt 0.2483695 -0.2089844
vt 0.2460912 -0.2076833
vt 0.2442799 -0.2149476
vt 0.2683121 -0.1747562
vt 0.2725653 -0.1704334
vt 0.271264 -0.1681553
vt 0.2660132 -0.173492
vt 0.1898968 -0.09263714
vt 0.1916166 -0.09845244
vt 0.1975127 -0.09987074
vt 0.201689 -0.09547374
vt 0.1999692 -0.08965842
vt 0.1940731 -0.08824013
vt -0.1463629 -0.2575251
vt -0.1522107 -0.2591309
vt -0.1522279 -0.2617545
vt -0.1450083 -0.259772
vt -0.2500165 -0.1567548
vt -0.2542697 -0.152432
vt -0.2565686 -0.1536962
vt -0.2513178 -0.1590329
vt -0.2219978 -0.2086593
vt -0.2234649 -0.2027752
vt -0.2260873 -0.2026961
vt -0.224276 -0.2099604
vt -0.2348817 -0.1358731
vt -0.2325618 -0.1302701
vt -0.2346229 -0.1286469
vt -0.237487 -0.1355641
vt 0.09029659 0.06462055
vt 0.08995009 0.05856619
vt 0.09243067 0.0577118
vt 0.09285846 0.06518633
vt -0.1940737 -0.08824051
vt -0.1999698 -0.08965881
vt -0.2016895 -0.09547411
vt -0.1975132 -0.09987113
vt -0.1916171 -0.09845282
vt -0.1898974 -0.0926375
vt 0.07423475 -0.3051934
vt 0.07350609 -0.3026063
vt 0.07258843 -0.304303
vt 0.07789639 -0.2984093
vt 0.08118893 -0.3001902
vt 0.08283523 -0.3010807
vt 0.08834153 -0.290901
vt 0.0817564 -0.287339
vt 0.07625008 -0.2975188
vt -0.01566683 0.0003737923
vt -0.01832419 -2.920003E-05
vt -0.01204406 -0.04144106
vt -0.009386687 -0.04103807
vt 0.07751839 -0.3069772
vt 0.07916467 -0.3078676
vt 0.0800824 -0.306171
vt 0.08191567 -0.3027779
vt 0.08283339 -0.3010813
vt 0.08118711 -0.3001908
vt 0.07789903 -0.2984084
vt 0.07625271 -0.2975179
vt 0.07533503 -0.2992145
vt 0.2089275 -0.04746367
vt 0.205288 -0.04658815
vt 0.1954914 -0.08731173
vt 0.199131 -0.08818725
vt 0.2834277 -0.1349186
vt 0.281011 -0.1337424
vt 0.2626813 -0.1714041
vt 0.2650981 -0.1725803
vt 0.2123537 -0.09146519
vt 0.2088288 -0.08989759
vt 0.1918083 -0.1281688
vt 0.1953333 -0.1297364
vt 0.01808289 7.213983E-06
vt 0.01542553 0.000410201
vt 0.009145457 -0.04100167
vt 0.01180283 -0.04140465
vt -0.2052872 -0.04658765
vt -0.2089268 -0.04746316
vt -0.1991303 -0.08818676
vt -0.1954908 -0.08731126
vt -0.2807927 -0.1336363
vt -0.2832094 -0.1348124
vt -0.2648798 -0.1724742
vt -0.262463 -0.171298
vt -0.2088301 -0.08989838
vt -0.2123551 -0.09146601
vt -0.1953346 -0.1297372
vt -0.1918096 -0.1281696
vt 0.02852166 -0.270426
vt 0.02783733 -0.2751986
vt 0.03048796 -0.2747535
vt 0.1531608 -0.2455577
vt 0.1501863 -0.2493521
vt 0.1537978 -0.2503369
vt 0.2401462 -0.1998877
vt 0.2363035 -0.2026855
vt 0.2383912 -0.2043783
vt 0.2820066 -0.08626077
vt 0.2773266 -0.08709241
vt 0.2794849 -0.09029
vt 0.2644472 0.08122244
vt 0.2596316 0.0809841
vt 0.260574 0.078467
vt -0.271572 -0.1093117
vt -0.2683097 -0.1128619
vt -0.2667528 -0.1094577
vt -0.1927099 -0.2460656
vt -0.1897425 -0.2497788
vt -0.188145 -0.2476174
vt -0.09931029 -0.2743713
vt -0.09865299 -0.2790789
vt -0.09537743 -0.2770408
vt -0.2889803 -0.0612374
vt -0.2927673 -0.05477905
vt -0.3193906 -0.07039018
vt -0.3156036 -0.0768485
vt 0.08407394 -0.2841453
vt 0.07797384 -0.2884858
vt 0.0958669 -0.3136323
vt 0.101967 -0.3092918
vt 0.2592973 -0.1063556
vt 0.256435 -0.1132736
vt 0.2849532 -0.1250728
vt 0.2878155 -0.1181548
vt 0.2927673 -0.05477899
vt 0.2889803 -0.06123734
vt 0.298964 -0.06709151
vt 0.300628 -0.06806721
vt 0.3039559 -0.0700186
vt 0.3056199 -0.07099428
vt 0.3156037 -0.07684845
vt 0.3193906 -0.07039009
vt -0.08915856 -0.304202
vt -0.09068357 -0.3031169
vt -0.0937336 -0.3009466
vt -0.09525865 -0.2998615
vt -0.1019686 -0.3092914
vt -0.09586852 -0.313632
vt -0.2742589 -0.120648
vt -0.2724765 -0.1199105
vt -0.2689117 -0.1184356
vt -0.2671293 -0.1176982
vt -0.256435 -0.1132735
vt -0.2592973 -0.1063555
vt -0.2878155 -0.1181546
vt -0.2849533 -0.1250727
vt -0.3121268 0.02177983
vt -0.3144026 0.01615877
vt -0.3123287 0.01455182
vt -0.3095191 0.02149139
vt -0.2158653 0.09509452
vt -0.2158362 0.1011587
vt -0.2183581 0.1018821
vt -0.218394 0.09439541
vt 0.2415306 0.09521834
vt 0.2415015 0.1012825
vt 0.2389728 0.1019817
vt 0.2390087 0.09449499
vt 0.1919142 -0.09809837
vt 0.194525 -0.09262489
vt 0.1925519 -0.09089573
vt 0.1893287 -0.09765311
vt -0.01652154 -0.264728
vt -0.01079742 -0.2627255
vt -0.01095996 -0.260107
vt -0.01802677 -0.2625791
vt -0.2808632 -0.1452469
vt -0.2765152 -0.1494742
vt -0.2742449 -0.1481594
vt -0.2796128 -0.1429405
vt -0.317089 -0.07765277
vt -0.315644 -0.08354236
vt -0.3130219 -0.08363133
vt -0.3148059 -0.07636024
vt -0.1055579 0.0252097
vt -0.1099673 0.02937292
vt -0.1157775 0.02763587
vt -0.1171782 0.02173561
vt -0.1127688 0.01757237
vt -0.1069587 0.01930942
vt 0.2883357 0.01215132
vt 0.2906116 0.006530297
vt 0.2932193 0.006818776
vt 0.2904096 0.01375831
vt 0.292162 -0.07153641
vt 0.2907169 -0.07742599
vt 0.293 -0.0787185
vt 0.294784 -0.07144742
vt 0.2629717 -0.1268447
vt 0.2586237 -0.131072
vt 0.2598742 -0.1333784
vt 0.265242 -0.1281595
vt 0.02499469 -0.2405027
vt 0.01927059 -0.2385002
vt 0.01776535 -0.2406491
vt 0.02483213 -0.2431213
vt -0.1687506 -0.08705036
vt -0.1713614 -0.08157687
vt -0.173947 -0.08202212
vt -0.1707238 -0.08877952
vt 0.1069587 0.01930934
vt 0.1127689 0.01757229
vt 0.1171783 0.02173552
vt 0.1157775 0.0276358
vt 0.1099673 0.02937284
vt 0.1055579 0.02520961
vt -0.09374136 -0.3009441
vt -0.094148 -0.2982873
vt -0.09526637 -0.299859
vt -0.08925812 -0.2946604
vt -0.08620806 -0.2968306
vt -0.08468304 -0.2979157
vt -0.07797317 -0.2884858
vt -0.08407328 -0.2841453
vt -0.09078315 -0.2935752
vt 0.1413137 -0.007149083
vt 0.1439898 -0.007398868
vt 0.1478825 0.03430519
vt 0.1452064 0.03455497
vt -0.09068447 -0.303117
vt -0.08915947 -0.3042021
vt -0.08804113 -0.3026305
vt -0.08579852 -0.2994882
vt -0.08468021 -0.2979166
vt -0.08620526 -0.2968314
vt -0.08926076 -0.2946595
vt -0.09078579 -0.2935744
vt -0.0919041 -0.295146
vt -0.09930567 -0.02340985
vt -0.09571914 -0.02233762
vt -0.1077164 0.01779275
vt -0.1113029 0.01672053
vt -0.2551328 -0.1232928
vt -0.2527382 -0.1220722
vt -0.2717592 -0.08475495
vt -0.2741539 -0.08597557
vt -0.2767174 -0.1097364
vt -0.2731607 -0.108242
vt -0.2893848 -0.06962647
vt -0.2929414 -0.07112084
vt -0.1437454 -0.007375117
vt -0.1410693 -0.007125335
vt -0.1449618 0.03457874
vt -0.1476379 0.03432896
vt 0.09571891 -0.02233746
vt 0.09930544 -0.02340971
vt 0.1113027 0.01672068
vt 0.1077161 0.01779293
vt 0.2525221 -0.1219621
vt 0.2549166 -0.1231827
vt 0.2739377 -0.08586539
vt 0.2715431 -0.0846448
vt 0.2731606 -0.108242
vt 0.2767172 -0.1097364
vt 0.2929413 -0.0711208
vt 0.2893847 -0.06962644
vt 0.2798698 -0.04732071
vt 0.2846852 -0.04707963
vt 0.2837413 -0.04456305
vt -0.2769953 0.01249193
vt -0.2803105 0.01599272
vt -0.2818162 0.01256551
vt -0.2700364 -0.1442158
vt -0.2728427 -0.1403793
vt -0.2745309 -0.1424707
vt -0.2186418 -0.2161516
vt -0.2190423 -0.2114153
vt -0.2224237 -0.2132723
vt -0.1175895 -0.2548634
vt -0.1165929 -0.2501461
vt -0.1192671 -0.250416
vt 0.01084743 -0.2735349
vt 0.01407313 -0.2699515
vt 0.0105369 -0.2687235
vt 0.1275417 -0.2767472
vt 0.1315643 -0.2742151
vt 0.1295957 -0.2723852
vt 0.2268367 -0.2091366
vt 0.2315566 -0.2085743
vt 0.2295849 -0.2052583
vt 0.1417535 -0.04944173
vt 0.1415002 -0.05692418
vt 0.1723453 -0.05796824
vt 0.1725985 -0.05048577
vt 0.1418479 -0.06625248
vt 0.1416744 -0.07373724
vt 0.1725289 -0.07445233
vt 0.1727023 -0.06696759
vt 0.1418898 -0.02505641
vt 0.1413409 -0.03252301
vt 0.1721205 -0.03478565
vt 0.1726694 -0.02731905
vt -0.1415002 -0.05692414
vt -0.1417535 -0.04944168
vt -0.1533203 -0.04983317
vt -0.1552481 -0.04989842
vt -0.1591038 -0.05002892
vt -0.1610316 -0.05009419
vt -0.1725985 -0.05048574
vt -0.1723453 -0.0579682
vt -0.1609584 -0.07418428
vt -0.1610017 -0.07231309
vt -0.1610885 -0.06857073
vt -0.1611319 -0.06669952
vt -0.1727023 -0.06696771
vt -0.1725288 -0.07445245
vt -0.1605781 -0.03393712
vt -0.1586544 -0.03379572
vt -0.1548069 -0.03351287
vt -0.1528832 -0.03337146
vt -0.1413409 -0.03252294
vt -0.1418898 -0.02505634
vt -0.1726694 -0.02731899
vt -0.1721206 -0.0347856
vt -0.1508224 -0.08289352
vt -0.1500745 -0.0889115
vt -0.1474807 -0.08930586
vt -0.1484041 -0.08187626
vt 0.1112963 0.006008976
vt 0.1140577 0.0006098939
vt 0.1166299 0.001126604
vt 0.1132208 0.007792124
vt -0.1341469 0.01769683
vt -0.1369083 0.01229776
vt -0.1349839 0.0105146
vt -0.1315747 0.01718013
vt 0.08541919 0.08560757
vt 0.0804373 0.0890653
vt 0.07841308 0.08739622
vt 0.08456358 0.08312742
vt 0.1483021 -0.05753772
vt 0.1477956 -0.05149464
vt 0.1452197 -0.0509968
vt 0.145845 -0.0584574
vt 0.1268623 -0.1315524
vt 0.1298675 -0.1262851
vt 0.1280266 -0.1244159
vt 0.1243164 -0.1309186
vt -0.08590066 -0.1632551
vt -0.08078662 -0.1665142
vt -0.07882963 -0.1647668
vt -0.08514325 -0.1607431
vt -0.004310437 -0.0629103
vt -0.008814184 -0.06697127
vt -0.007549154 -0.07290214
vt -0.00178038 -0.07477202
vt 0.002723388 -0.07071105
vt 0.001458352 -0.06478018
vt 0.125352 -0.07972793
vt 0.1246041 -0.08574591
vt 0.1270224 -0.08676317
vt 0.1279458 -0.07933357
vt 0.07210692 -0.1416103
vt 0.06699288 -0.1448694
vt 0.0677503 -0.1473813
vt 0.07406393 -0.1433577
vt -0.1045698 -0.1188326
vt -0.107575 -0.1135653
vt -0.1101209 -0.114199
vt -0.1064108 -0.1207018
vt -0.1227257 -0.05968149
vt -0.1222192 -0.05363841
vt -0.1246763 -0.05271873
vt -0.1253016 -0.06017932
vt -0.0707858 0.06452174
vt -0.06580392 0.0679795
vt -0.06665954 0.07045966
vt -0.07281001 0.06619081
vt -0.00145836 -0.06478029
vt -0.002723394 -0.07071114
vt 0.001780352 -0.07477212
vt 0.007549147 -0.07290225
vt 0.008814177 -0.06697138
vt 0.004310417 -0.06291039
vt -0.1610885 -0.06857067
vt -0.1592034 -0.06665478
vt -0.1611318 -0.06669948
vt -0.1533749 -0.0683917
vt -0.1532882 -0.07213408
vt -0.1532448 -0.07400526
vt -0.1416744 -0.07373711
vt -0.1418479 -0.06625237
vt -0.1534183 -0.06652052
vt 0.009764985 0.07253484
vt 0.008960312 0.0750993
vt -0.03100383 0.06255946
vt -0.03019916 0.059995
vt -0.1610017 -0.07231334
vt -0.1609583 -0.07418452
vt -0.1590299 -0.07413983
vt -0.1551732 -0.07404999
vt -0.1532448 -0.07400528
vt -0.1532882 -0.07213409
vt -0.1533749 -0.06839161
vt -0.1534183 -0.06652043
vt -0.1553467 -0.06656511
vt 0.04465237 -0.06058206
vt 0.0438715 -0.05692104
vt 0.002907586 -0.06565817
vt 0.003688445 -0.0693192
vt 0.07611729 -0.1461741
vt 0.07534698 -0.1435991
vt 0.03521857 -0.1556029
vt 0.03598889 -0.1581779
vt 0.1631175 0.01348799
vt 0.1592822 0.01390473
vt 0.1547568 -0.02773539
vt 0.158592 -0.02815216
vt -0.009032827 0.07486774
vt -0.009837501 0.07230328
vt 0.03012664 0.05976342
vt 0.03093131 0.06232789
vt -0.04387132 -0.05692039
vt -0.04465221 -0.06058142
vt -0.00368828 -0.06931856
vt -0.0029074 -0.06565754
vt -0.07527762 -0.1433668
vt -0.07604793 -0.1459418
vt -0.03591953 -0.1579456
vt -0.03514921 -0.1553706
vt -0.159282 0.01390582
vt -0.1631173 0.01348908
vt -0.1585921 -0.02815108
vt -0.1547569 -0.02773435
vt -0.132766 -0.04549498
vt -0.1369426 -0.04790378
vt -0.1349557 -0.04971383
vt -0.1120821 -0.08133496
vt -0.1167244 -0.08003318
vt -0.1162567 -0.08374722
vt -0.1253904 -0.1073723
vt -0.1284047 -0.103697
vt -0.1299745 -0.1058787
vt -0.1564165 -0.07917806
vt -0.1546221 -0.07477652
vt -0.1584781 -0.07489513
vt -0.1632562 -0.04372845
vt -0.1587503 -0.04201282
vt -0.1604248 -0.03991044
vt -0.1594769 -0.05326862
vt -0.1552097 -0.05551288
vt -0.15489 -0.05178316
vt -0.1638049 -0.06268554
vt -0.1614351 -0.06680597
vt -0.1595282 -0.06491184
vt -0.1577616 -0.04438357
vt -0.1595862 -0.04877269
vt -0.1557294 -0.04868053
vt -0.1596821 -0.05903595
vt -0.1665271 -0.05600308
vt -0.1790295 -0.08422006
vt -0.1721846 -0.08725292
vt -0.1473918 -0.05761566
vt -0.1540491 -0.05419062
vt -0.1681683 -0.08163436
vt -0.1615109 -0.0850594
vt 0.01261193 -0.1198644
vt 0.00514419 -0.1193312
vt 0.002946414 -0.1501156
vt 0.01041414 -0.1506488
vt 0.166527 -0.05600314
vt 0.1596821 -0.05903599
vt 0.1643704 -0.06961735
vt 0.1651518 -0.0713809
vt 0.1667146 -0.07490803
vt 0.1674961 -0.07667159
vt 0.1721845 -0.08725297
vt 0.1790294 -0.0842201
vt 0.1628737 -0.07134312
vt 0.1612093 -0.07219937
vt 0.1578806 -0.07391189
vt 0.1562163 -0.07476818
vt 0.161511 -0.08505961
vt 0.1681683 -0.08163454
vt -0.003770908 -0.1385715
vt -0.00390826 -0.1366474
vt -0.004182988 -0.1327994
vt -0.004320352 -0.1308754
vt -0.005144532 -0.1193313
vt -0.01261227 -0.1198644
vt -0.0104145 -0.1506488
vt -0.002946763 -0.1501156
vt 0.182304 -0.08277865
vt 0.1873428 -0.07940435
vt 0.1865286 -0.0769103
vt 0.1803079 -0.08107609
vt -0.1437778 -0.0240557
vt -0.1493551 -0.02167484
vt -0.1510007 -0.02371818
vt -0.1441151 -0.02665752
vt 0.1538544 -0.04766117
vt 0.1594317 -0.0452803
vt 0.1590944 -0.04267849
vt 0.1522088 -0.04561784
vt 0.0103273 -0.06467917
vt 0.01637976 -0.06505734
vt 0.0172471 -0.06258128
vt 0.009774929 -0.06211439
vt -0.1403623 -0.02733847
vt -0.1349958 -0.0301626
vt -0.1331903 -0.02825905
vt -0.1398157 -0.02477247
vt -0.1917436 -0.06348489
vt -0.1866031 -0.06670216
vt -0.1846604 -0.06493887
vt -0.1910067 -0.06096691
vt 0.002756971 -0.1969102
vt 0.008779216 -0.1961975
vt 0.009188733 -0.1936061
vt 0.001753871 -0.194486
vt 0.03688699 0.1263202
vt 0.04056677 0.1311404
vt 0.03823224 0.1367373
vt 0.03221793 0.137514
vt 0.02853812 0.1326938
vt 0.03087266 0.1270969
vt -0.1680225 -0.06145254
vt -0.1730613 -0.05807825
vt -0.1750575 -0.05978082
vt -0.1688367 -0.0639466
vt 0.0002593145 -0.1714216
vt -0.005762939 -0.1707089
vt -0.006766036 -0.1731331
vt 0.0006688241 -0.174013
vt 0.1781266 -0.04172908
vt 0.1729861 -0.04494634
vt 0.173723 -0.04746432
vt 0.1800693 -0.04349238
vt 0.1284097 -0.004626285
vt 0.1230431 -0.007450409
vt 0.1235898 -0.01001642
vt 0.1302151 -0.006529847
vt -0.0119272 -0.03906341
vt -0.01797965 -0.03944159
vt -0.01853204 -0.04200637
vt -0.01105987 -0.04153949
vt -0.03087265 0.1270968
vt -0.02853811 0.1326937
vt -0.03221789 0.137514
vt -0.03823223 0.1367373
vt -0.04056676 0.1311404
vt -0.03688696 0.1263201
vt 0.1578797 -0.07391267
vt 0.1553329 -0.07305371
vt 0.1562154 -0.07476896
vt 0.1543505 -0.06705067
vt 0.1576792 -0.06533814
vt 0.1593436 -0.06448189
vt 0.1540489 -0.05419051
vt 0.1473915 -0.05761556
vt 0.1526862 -0.06790693
vt 0.03745086 -0.01240396
vt 0.0379766 -0.01503978
vt 0.07905282 -0.006846833
vt 0.07852709 -0.004211008
vt 0.1612095 -0.07219946
vt 0.1628738 -0.07134321
vt 0.1619914 -0.06962796
vt 0.1602263 -0.06619662
vt 0.1593438 -0.0644814
vt 0.1576795 -0.06533765
vt 0.1543501 -0.06705092
vt 0.1526857 -0.06790719
vt 0.1535681 -0.06962241
vt -0.010814 0.1150233
vt -0.009372867 0.1115685
vt 0.02928414 0.1276935
vt 0.02784301 0.1311483
vt -0.1182583 -0.1311401
vt -0.1168804 -0.1288324
vt -0.1528423 -0.1073586
vt -0.1542202 -0.1096663
vt -0.06207903 -0.1257977
vt -0.06126962 -0.1220257
vt -0.1022225 -0.113237
vt -0.1030319 -0.117009
vt -0.03792943 -0.01480245
vt -0.0374037 -0.01216662
vt -0.07847993 -0.003973676
vt -0.07900566 -0.006609502
vt 0.009372581 0.1115684
vt 0.01081373 0.1150232
vt -0.0278433 0.1311482
vt -0.02928445 0.1276934
vt 0.1167557 -0.1286243
vt 0.1181336 -0.130932
vt 0.1540956 -0.1094583
vt 0.1527177 -0.1071506
vt 0.06126952 -0.122026
vt 0.06207895 -0.1257979
vt 0.1030319 -0.1170092
vt 0.1022224 -0.1132373
vt 0.1597476 -0.04833645
vt 0.1640282 -0.0505551
vt 0.1644813 -0.04790584
vt 0.1639473 -0.04898316
vt 0.1648831 -0.05371286
vt 0.1679852 -0.05161776
vt 0.1461511 -0.09478492
vt 0.1432071 -0.0985167
vt 0.1456744 -0.09958267
vt 0.115705 -0.1026992
vt 0.1109733 -0.1022477
vt 0.1121968 -0.1059063
vt 0.1196721 -0.06541114
vt 0.115853 -0.06246824
vt 0.114937 -0.0649951
vt 0.1428215 -0.0382564
vt 0.1424027 -0.0334532
vt 0.1390922 -0.03520057
vt 0.1628784 -0.05453697
vt 0.1655366 -0.0505965
vt 0.1629968 -0.049717
vt 0.1608853 -0.06433804
vt 0.1656207 -0.06392656
vt 0.1637558 -0.06054941
vt 0.1098296 -0.04852959
vt 0.1097731 -0.05601612
vt 0.140635 -0.05624904
vt 0.1406915 -0.04876251
vt 0.1096868 -0.06879457
vt 0.1096314 -0.07628114
vt 0.1404933 -0.07650947
vt 0.1405487 -0.06902291
vt 0.09734539 -0.05422035
vt 0.09471346 -0.06122924
vt 0.1236063 -0.07207878
vt 0.1262382 -0.0650699
vt -0.1097731 -0.05601607
vt -0.1098296 -0.04852952
vt -0.1214028 -0.04861683
vt -0.1233316 -0.04863138
vt -0.1271894 -0.04866049
vt -0.1291182 -0.04867507
vt -0.1406915 -0.04876243
vt -0.140635 -0.05624897
vt -0.1289199 -0.07642408
vt -0.1289338 -0.07455245
vt -0.1289615 -0.07080917
vt -0.1289754 -0.06893753
vt -0.1405486 -0.06902318
vt -0.1404932 -0.07650973
vt -0.1127685 -0.06801511
vt -0.1109627 -0.06733694
vt -0.1073511 -0.06598058
vt -0.1055454 -0.0653024
vt -0.09471077 -0.06123332
vt -0.09734301 -0.05422456
vt -0.1262354 -0.0650754
vt -0.1236031 -0.07208417
vt -0.1081712 -0.1012428
vt -0.1065523 -0.107087
vt -0.1039288 -0.1070983
vt -0.1059274 -0.09988325
vt 0.08150391 -0.02701565
vt 0.08317345 -0.03284557
vt 0.08579701 -0.03283408
vt 0.08373586 -0.02563665
vt -0.1061789 -0.0199497
vt -0.1078484 -0.02577963
vt -0.1056165 -0.02715863
vt -0.1035553 -0.01996119
vt 0.02643463 0.08691907
vt 0.02037424 0.08713564
vt 0.01957326 0.08463731
vt 0.02705523 0.08436994
vt 0.1290384 -0.0432424
vt 0.12749 -0.03737914
vt 0.1248667 -0.03733626
vt 0.1267783 -0.04457486
vt 0.126536 -0.09477032
vt 0.1282761 -0.08896108
vt 0.1260611 -0.0875551
vt 0.1239127 -0.09472699
vt 0.01175349 -0.1576915
vt 0.01781407 -0.1579032
vt 0.01861301 -0.1554042
vt 0.01113081 -0.1551429
vt 0.01611215 -0.06614638
vt 0.01298999 -0.07134517
vt 0.01593119 -0.07664845
vt 0.02199456 -0.07675293
vt 0.02511673 -0.07155413
vt 0.02217552 -0.06625085
vt 0.0834362 -0.09439115
vt 0.08181734 -0.1002353
vt 0.08406118 -0.1015949
vt 0.08605976 -0.09437985
vt -0.01264923 -0.1320407
vt -0.01870982 -0.1322524
vt -0.01933249 -0.134801
vt -0.01185029 -0.1345397
vt -0.1019491 -0.08740508
vt -0.1036892 -0.08159584
vt -0.1063125 -0.08163917
vt -0.1041641 -0.08881107
vt -0.1042229 -0.049796
vt -0.1026745 -0.04393273
vt -0.1049346 -0.04260027
vt -0.1068462 -0.04983887
vt -0.02551826 0.06126929
vt -0.01945787 0.06148589
vt -0.01883725 0.06403503
vt -0.02631923 0.06376763
vt -0.02217581 -0.06625082
vt -0.02511702 -0.07155409
vt -0.02199486 -0.07675289
vt -0.01593148 -0.0766484
vt -0.01299028 -0.07134513
vt -0.01611245 -0.06614633
vt -0.1289614 -0.0708092
vt -0.1270464 -0.06892328
vt -0.1289753 -0.06893755
vt -0.1212462 -0.07075161
vt -0.1212185 -0.07449488
vt -0.1212047 -0.07636653
vt -0.1096315 -0.07628094
vt -0.1096869 -0.06879438
vt -0.1212601 -0.06887998
vt -0.0007078298 0.0494216
vt -0.002390072 0.0515178
vt -0.03505685 0.02530208
vt -0.0333746 0.02320588
vt -0.1289336 -0.07455291
vt -0.1289198 -0.07642455
vt -0.1269909 -0.07641026
vt -0.1231336 -0.07638074
vt -0.1212047 -0.07636647
vt -0.1212186 -0.07449482
vt -0.1212462 -0.07075146
vt -0.1212601 -0.06887983
vt -0.123189 -0.06889409
vt 0.06226274 -0.0496272
vt 0.0604472 -0.04635357
vt 0.02381785 -0.06666791
vt 0.02563339 -0.06994155
vt 0.1116182 -0.09222992
vt 0.1099516 -0.09012129
vt 0.07709059 -0.1160932
vt 0.07875722 -0.1182018
vt 0.1279476 0.02867437
vt 0.1240901 0.02872582
vt 0.1235307 -0.01315579
vt 0.1273882 -0.01320725
vt 0.002237685 0.05132786
vt 0.0005554521 0.04923167
vt 0.0332223 0.02301601
vt 0.03490452 0.02511222
vt -0.0604465 -0.04635248
vt -0.06226206 -0.04962611
vt -0.02563269 -0.06994045
vt -0.02381714 -0.06666683
vt -0.1098012 -0.0899308
vt -0.1114678 -0.09203943
vt -0.07860689 -0.1180114
vt -0.07694025 -0.1159027
vt -0.1240901 0.02872581
vt -0.1279476 0.02867434
vt -0.1273883 -0.01320728
vt -0.1235308 -0.01315581
vt -0.09660352 -0.0598162
vt -0.1005627 -0.06256771
vt -0.09843064 -0.06420426
vt -0.0699883 -0.09422171
vt -0.07477254 -0.0936244
vt -0.07375794 -0.09722766
vt -0.07800569 -0.1174693
vt -0.08153836 -0.1142891
vt -0.08276235 -0.1166819
vt -0.1246163 -0.07993242
vt -0.1227428 -0.0755639
vt -0.1266004 -0.07561307
vt -0.140306 -0.02915321
vt -0.1355629 -0.02828771
vt -0.1368261 -0.02591531
vt -0.1395617 -0.03676438
vt -0.1357564 -0.03972509
vt -0.134785 -0.03610996
vt -0.139297 -0.04956029
vt -0.1374161 -0.05392558
vt -0.1353043 -0.05226297
vt -0.1253291 -0.04608205
vt -0.1272299 -0.05043872
vt -0.1233721 -0.05041375
vt -0.1496192 -0.01885169
vt -0.1555053 -0.01422511
vt -0.1745775 -0.03848942
vt -0.1686914 -0.043116
vt -0.1151985 -0.05992422
vt -0.121795 -0.05638336
vt -0.1363914 -0.08357624
vt -0.1297949 -0.08711708
vt 0.06142513 -0.09525366
vt 0.05416061 -0.09706429
vt 0.06162467 -0.1270109
vt 0.06888917 -0.1252002
vt 0.1555052 -0.01422512
vt 0.1496191 -0.0188517
vt 0.1567712 -0.02795082
vt 0.1579632 -0.02946733
vt 0.1603472 -0.03250037
vt 0.1615393 -0.0340169
vt 0.1686914 -0.04311603
vt 0.1745775 -0.03848944
vt 0.1309179 -0.07337897
vt 0.1292688 -0.07426418
vt 0.1259705 -0.07603459
vt 0.1243214 -0.07691982
vt 0.1297951 -0.08711717
vt 0.1363916 -0.08357631
vt -0.05882599 -0.1157807
vt -0.05835948 -0.113909
vt -0.05742647 -0.1101657
vt -0.05695998 -0.1082941
vt -0.05416097 -0.09706414
vt -0.06142547 -0.09525349
vt -0.06888956 -0.1252
vt -0.06162505 -0.1270107
vt 0.1628818 -0.06751992
vt 0.1673374 -0.06340612
vt 0.1661468 -0.06106821
vt 0.1606461 -0.06614695
vt -0.1344055 0.004660698
vt -0.1390857 0.008517053
vt -0.1412405 0.007020383
vt -0.1354625 0.002259446
vt 0.150727 -0.01514778
vt 0.1554072 -0.01129142
vt 0.1543502 -0.008890171
vt 0.1485722 -0.01365112
vt 0.04243444 -0.06023676
vt 0.0483808 -0.05904679
vt 0.04858268 -0.05643099
vt 0.04124149 -0.05790007
vt -0.1060023 -0.03901691
vt -0.100495 -0.04155548
vt -0.09879193 -0.03955979
vt -0.1055911 -0.03642575
vt -0.173277 -0.01452145
vt -0.1689728 -0.01879334
vt -0.166689 -0.01750197
vt -0.1720029 -0.01222803
vt -0.1090105 -0.138435
vt -0.1035824 -0.1411388
vt -0.1018198 -0.1391954
vt -0.1085212 -0.1358574
vt 0.002284302 0.1085633
vt 0.003537413 0.1144967
vt -0.0009745002 0.1185486
vt -0.006739514 0.1166672
vt -0.007992637 0.1107338
vt -0.003480719 0.1066818
vt -0.1454707 -0.04866186
vt -0.1499263 -0.04454807
vt -0.1521619 -0.04592102
vt -0.1466613 -0.05099978
vt 0.09756625 -0.1154614
vt 0.09213807 -0.1181651
vt 0.09262736 -0.1207427
vt 0.09932882 -0.1174047
vt 0.1551967 0.003695222
vt 0.1508925 -0.0005766664
vt 0.1521666 -0.002870088
vt 0.1574804 0.002403843
vt 0.0952584 -0.01570849
vt 0.08975103 -0.01824705
vt 0.09016226 -0.02083822
vt 0.09696146 -0.01770418
vt -0.0373981 -0.03507082
vt -0.04334447 -0.03388086
vt -0.04453743 -0.03621756
vt -0.03719623 -0.03768664
vt 0.003480354 0.106682
vt 0.007992257 0.1107339
vt 0.00673914 0.1166673
vt 0.0009741179 0.1185488
vt -0.003537787 0.1144968
vt -0.002284668 0.1085634
vt 0.1259691 -0.07603598
vt 0.1234078 -0.07522164
vt 0.12432 -0.0769212
vt 0.122321 -0.06923623
vt 0.1256193 -0.06746581
vt 0.1272684 -0.06658061
vt 0.1217947 -0.05638329
vt 0.1151982 -0.05992414
vt 0.1206719 -0.07012145
vt 0.04574846 -0.01290374
vt 0.04703945 -0.01526115
vt 0.08377676 0.004857275
vt 0.08248577 0.007214682
vt 0.1292695 -0.07426398
vt 0.1309186 -0.07337877
vt 0.1300063 -0.0716792
vt 0.1281809 -0.06827992
vt 0.1272687 -0.06658038
vt 0.1256195 -0.06746559
vt 0.1223207 -0.0692365
vt 0.1206716 -0.07012172
vt 0.1215838 -0.07182126
vt -0.03594134 0.07787728
vt -0.03315618 0.07537612
vt -0.005170193 0.1065396
vt -0.007955337 0.1090408
vt -0.1409462 -0.04194324
vt -0.1386165 -0.04060294
vt -0.159503 -0.004296811
vt -0.1618327 -0.005637126
vt -0.09307098 -0.08958037
vt -0.09109174 -0.08626895
vt -0.1270442 -0.06477933
vt -0.1290234 -0.06809074
vt -0.04692287 -0.01504792
vt -0.04563189 -0.01269053
vt -0.08236919 0.007427918
vt -0.08366017 0.005070515
vt 0.03315536 0.07537588
vt 0.0359405 0.07787703
vt 0.007954367 0.1090404
vt 0.00516921 0.1065393
vt 0.138406 -0.04048253
vt 0.1407357 -0.04182284
vt 0.1616224 -0.005516791
vt 0.1592927 -0.004176484
vt 0.09109186 -0.08626918
vt 0.09307112 -0.0895806
vt 0.1290235 -0.06809093
vt 0.1270443 -0.06477951
vt 0.1390437 -0.03274769
vt 0.1436553 -0.03415437
vt 0.1436211 -0.03146684
vt 0.1397671 -0.03650779
vt 0.141444 -0.04102816
vt 0.144173 -0.03846584
vt 0.1064225 -0.1023536
vt 0.1032204 -0.1058664
vt 0.1056056 -0.1071053
vt 0.06883846 -0.1132982
vt 0.06424491 -0.1120763
vt 0.06485151 -0.1158861
vt 0.08049088 -0.08007459
vt 0.07707251 -0.07667448
vt 0.07584585 -0.07906596
vt 0.1078479 -0.050283
vt 0.1076881 -0.04546422
vt 0.1042883 -0.04703095
vt 0.1334018 -0.04887648
vt 0.1358109 -0.04477897
vt 0.1332215 -0.04405843
vt 0.1400032 -0.04734594
vt 0.1446251 -0.04623595
vt 0.1422795 -0.04317312
vt -0.2620024 -0.03551428
vt -0.2654169 -0.02885151
vt -0.292883 -0.04292724
vt -0.2894684 -0.04959
vt 0.1927413 -0.1880157
vt 0.1899214 -0.1949511
vt 0.2185111 -0.2065758
vt 0.2213311 -0.1996404
vt 0.2409939 -0.06483154
vt 0.2393386 -0.07213297
vt 0.2694374 -0.07895701
vt 0.2710928 -0.07165558
vt 0.2654169 -0.02885116
vt 0.2620024 -0.03551393
vt 0.2723021 -0.04079231
vt 0.2740188 -0.04167205
vt 0.277452 -0.04343151
vt 0.2791687 -0.04431123
vt 0.2894685 -0.0495896
vt 0.292883 -0.04292683
vt -0.207791 -0.2022156
vt -0.2084959 -0.2004818
vt -0.2099059 -0.1970141
vt -0.2106109 -0.1952803
vt -0.2213321 -0.1996395
vt -0.2185122 -0.2065748
vt -0.2581503 -0.07639795
vt -0.2562691 -0.07597145
vt -0.2525068 -0.07511843
vt -0.2506256 -0.07469194
vt -0.2393386 -0.0721329
vt -0.240994 -0.06483146
vt -0.2710928 -0.0716555
vt -0.2694374 -0.07895695
vt -0.2849164 -0.002740674
vt -0.2870388 -0.008421428
vt -0.2849221 -0.009971499
vt -0.2823018 -0.002958234
vt -0.1199685 0.1661612
vt -0.1170696 0.1714877
vt -0.1189478 0.1733196
vt -0.1225266 0.1667437
vt 0.1425158 0.178429
vt 0.139617 0.1837555
vt 0.1370589 0.1831731
vt 0.1406377 0.1765971
vt 0.1832589 -0.04726734
vt 0.1842489 -0.04128444
vt 0.1818736 -0.04017047
vt 0.1806514 -0.04755678
vt 0.07096833 -0.2366446
vt 0.0754247 -0.2325317
vt 0.07423461 -0.2301935
vt 0.06873293 -0.2352712
vt -0.2360967 -0.1738552
vt -0.2311169 -0.177316
vt -0.2290917 -0.1756481
vt -0.2352396 -0.1713756
vt -0.2894195 -0.07760152
vt -0.2880582 -0.08351102
vt -0.2854376 -0.08363722
vt -0.2871183 -0.07634153
vt -0.1075083 -0.01782542
vt -0.1129497 -0.01514849
vt -0.1179887 -0.01852246
vt -0.1175863 -0.02457335
vt -0.1121449 -0.02725029
vt -0.1071059 -0.02387631
vt 0.260873 -0.0117227
vt 0.2629954 -0.01740344
vt 0.26561 -0.01718587
vt 0.2629897 -0.01017261
vt 0.2644081 -0.07183994
vt 0.2630468 -0.07774945
vt 0.265348 -0.07900942
vt 0.2670286 -0.07171375
vt 0.2214501 -0.1527785
vt 0.2164703 -0.1562392
vt 0.2173274 -0.1587189
vt 0.2234753 -0.1544463
vt -0.05356205 -0.2177842
vt -0.05801839 -0.2136712
vt -0.0602538 -0.2150446
vt -0.05475215 -0.2201223
vt -0.1579379 -0.04307813
vt -0.1589279 -0.03709523
vt -0.1615355 -0.03680579
vt -0.1603132 -0.04419209
vt 0.1071064 -0.02387644
vt 0.1121454 -0.02725042
vt 0.1175868 -0.0245735
vt 0.1179893 -0.01852258
vt 0.1129503 -0.01514861
vt 0.1075088 -0.01782554
vt -0.2099086 -0.1970111
vt -0.2088267 -0.1945507
vt -0.2106136 -0.1952772
vt -0.2027566 -0.1941095
vt -0.2013466 -0.1975772
vt -0.2006416 -0.199311
vt -0.1899205 -0.1949518
vt -0.1927405 -0.1880164
vt -0.2034616 -0.1923757
vt 0.1123374 0.02693922
vt 0.1149316 0.02764199
vt 0.1039798 0.06807018
vt 0.1013855 0.06736741
vt -0.2084973 -0.2004807
vt -0.2077923 -0.2022146
vt -0.2060054 -0.2014881
vt -0.2024272 -0.2000389
vt -0.2006404 -0.1993123
vt -0.2013454 -0.1975785
vt -0.202757 -0.1941089
vt -0.203462 -0.1923751
vt -0.2052488 -0.1931016
vt -0.0871911 -0.06243629
vt -0.08408059 -0.06035361
vt -0.107384 -0.02554943
vt -0.1104945 -0.0276321
vt -0.2190113 -0.1489494
vt -0.2167698 -0.1474663
vt -0.239882 -0.1125348
vt -0.2421235 -0.1140179
vt -0.256473 -0.07331418
vt -0.2527507 -0.07230075
vt -0.2637529 -0.03188624
vt -0.2674752 -0.03289966
vt -0.1146975 0.02757863
vt -0.1121033 0.02687586
vt -0.1011514 0.06730406
vt -0.1037457 0.06800682
vt 0.08407945 -0.06035261
vt 0.08718996 -0.06243531
vt 0.1104933 -0.02763109
vt 0.1073828 -0.0255484
vt 0.2165679 -0.1473324
vt 0.2188094 -0.1488155
vt 0.2419216 -0.113884
vt 0.2396801 -0.1124009
vt 0.2527508 -0.07230122
vt 0.2564732 -0.07331464
vt 0.2674754 -0.03290013
vt 0.2637531 -0.03188672
vt -0.2525961 0.02494706
vt -0.2574056 0.02460752
vt -0.2564104 0.02211078
vt -0.2498558 -0.01602849
vt -0.2533212 -0.01267642
vt -0.2546752 -0.01616635
vt -0.2578403 -0.1072178
vt -0.2600044 -0.1029857
vt -0.2620022 -0.1047837
vt -0.2340392 -0.1552375
vt -0.2332262 -0.1505542
vt -0.2369679 -0.1514936
vt -0.1698564 -0.194976
vt -0.1673067 -0.190884
vt -0.1699119 -0.1902231
vt -0.07924513 -0.2427906
vt -0.07486582 -0.2407738
vt -0.07762884 -0.2382482
vt -0.008241865 -0.2809454
vt -0.003499348 -0.280626
vt -0.004363573 -0.278081
vt 0.01968417 -0.2783155
vt 0.02341625 -0.2812592
vt 0.02437059 -0.2775212
vt 0.07000995 -0.234396
vt 0.06522581 -0.2401548
vt 0.08896528 -0.2598765
vt 0.0937494 -0.2541178
vt -0.197123 -0.1862011
vt -0.2045777 -0.1855086
vt -0.207432 -0.2162391
vt -0.1999773 -0.2169315
vt -0.1855269 -0.09288133
vt -0.1900991 -0.08695291
vt -0.2145379 -0.1058012
vt -0.2099656 -0.1117296
vt -0.06522607 -0.2401545
vt -0.0700102 -0.2343957
vt -0.07891251 -0.2417914
vt -0.08039621 -0.2430239
vt -0.08336366 -0.2454892
vt -0.08484737 -0.2467218
vt -0.09374967 -0.2541175
vt -0.08896554 -0.2598762
vt 0.2063616 -0.2047153
vt 0.2044979 -0.2048884
vt 0.2007706 -0.2052346
vt 0.1989069 -0.2054077
vt 0.1999773 -0.2169317
vt 0.207432 -0.2162392
vt 0.2053733 -0.0987332
vt 0.2038458 -0.09755516
vt 0.200791 -0.09519914
vt 0.1992636 -0.09402113
vt 0.190099 -0.08695306
vt 0.1855268 -0.09288146
vt 0.2099655 -0.1117297
vt 0.2145378 -0.1058013
vt 0.1930413 -0.220079
vt 0.1990951 -0.2197224
vt 0.1996567 -0.2171597
vt 0.1921829 -0.2175998
vt -0.01962621 -0.1770089
vt -0.02401821 -0.1811905
vt -0.02279197 -0.1835099
vt -0.01736977 -0.1783474
vt 0.001928165 -0.1955974
vt 0.006320153 -0.199779
vt 0.008576604 -0.1984405
vt 0.0031544 -0.193278
vt -0.122507 -0.002232903
vt -0.1201022 -0.007799975
vt -0.1175019 -0.007451485
vt -0.1204707 -0.0005785533
vt -0.2481906 -0.06552537
vt -0.242878 -0.0684496
vt -0.2410372 -0.06658021
vt -0.247596 -0.06297006
vt 0.195765 -0.2316296
vt 0.1980177 -0.2259992
vt 0.1959372 -0.2244008
vt 0.1931562 -0.2313518
vt 0.2448398 -0.1690796
vt 0.2489324 -0.1646046
vt 0.2475489 -0.1623755
vt 0.2424963 -0.1679002
vt 0.1799234 -0.04385017
vt 0.1832866 -0.04889644
vt 0.1893383 -0.04850706
vt 0.192027 -0.0430714
vt 0.1886639 -0.0380251
vt 0.1826121 -0.0384145
vt -0.1915324 -0.1944569
vt -0.1975862 -0.1941004
vt -0.1984447 -0.1965795
vt -0.1909709 -0.1970197
vt -0.2258996 -0.1517578
vt -0.2299922 -0.1472828
vt -0.2323358 -0.1484622
vt -0.2272831 -0.153987
vt -0.1719342 -0.2220959
vt -0.1741869 -0.2164655
vt -0.1767957 -0.2167433
vt -0.1740146 -0.2236943
vt 0.2358138 -0.04304374
vt 0.2305011 -0.04596789
vt 0.2310958 -0.04852321
vt 0.2376546 -0.04491315
vt 0.0989453 0.007946016
vt 0.0965405 0.002378941
vt 0.09857675 0.0007245741
vt 0.1015456 0.007597505
vt -0.1826123 -0.03841438
vt -0.188664 -0.03802499
vt -0.1920271 -0.04307126
vt -0.1893384 -0.04850694
vt -0.1832867 -0.04889632
vt -0.1799236 -0.04385003
vt 0.2007739 -0.205231
vt 0.1987318 -0.2034835
vt 0.1989103 -0.2054041
vt 0.2000572 -0.1975514
vt 0.2037845 -0.1972052
vt 0.2056482 -0.1970321
vt 0.2045778 -0.1855082
vt 0.1971232 -0.1862006
vt 0.1981936 -0.1977245
vt -0.02192155 -0.01977328
vt -0.02428457 -0.02105396
vt -0.004326701 -0.05787876
vt -0.001963693 -0.05659809
vt 0.2044973 -0.2048894
vt 0.206361 -0.2047163
vt 0.2061826 -0.2027956
vt 0.2058256 -0.1989539
vt 0.2056472 -0.1970333
vt 0.2037835 -0.1972064
vt 0.2000587 -0.1975495
vt 0.1981951 -0.1977226
vt 0.1983735 -0.1996433
vt 0.1847382 0.004931658
vt 0.1810025 0.004691315
vt 0.1836916 -0.03710761
vt 0.1874273 -0.03686728
vt 0.2577022 -0.1241906
vt 0.2552533 -0.1230829
vt 0.2379902 -0.1612453
vt 0.240439 -0.1623529
vt 0.1777107 -0.1315504
vt 0.1745394 -0.1293536
vt 0.1506876 -0.1637843
vt 0.1538589 -0.1659811
vt 0.02407236 -0.02093924
vt 0.02170936 -0.01965856
vt 0.001751417 -0.05648334
vt 0.004114444 -0.05776401
vt -0.1810015 0.004691688
vt -0.1847371 0.004932054
vt -0.1874264 -0.03686688
vt -0.1836907 -0.03710725
vt -0.255032 -0.1229834
vt -0.2574809 -0.1240912
vt -0.2402176 -0.1622535
vt -0.2377687 -0.1611457
vt -0.17454 -0.1293537
vt -0.1777112 -0.1315505
vt -0.1538594 -0.1659812
vt -0.1506881 -0.1637844
vt 0.1083043 -0.2286245
vt 0.1095072 -0.2332934
vt 0.1117831 -0.2318636
vt 0.1937555 -0.1815255
vt 0.192147 -0.1860707
vt 0.195884 -0.1858517
vt 0.2474789 -0.1419348
vt 0.244391 -0.1455484
vt 0.2468147 -0.1467102
vt 0.2585286 -0.07219584
vt 0.2539406 -0.07343844
vt 0.2563735 -0.07643245
vt 0.248064 0.0141046
vt 0.2432841 0.01473576
vt 0.2437586 0.01209025
vt 0.2539281 -0.06499794
vt 0.2532088 -0.06023048
vt 0.2500144 -0.06218211
vt -0.0266389 -0.283745
vt -0.02209223 -0.2851311
vt -0.02199603 -0.282445
vt 0.01422193 -0.2708546
vt 0.01680614 -0.274844
vt 0.01891428 -0.2716131
vt 0.07598682 -0.05570918
vt 0.07520618 -0.06315512
vt 0.1059007 -0.06637324
vt 0.1066813 -0.05892729
vt 0.0715352 -0.0725995
vt 0.07044052 -0.08000581
vt 0.1009716 -0.0845184
vt 0.1020663 -0.07711209
vt -0.07999207 -0.01808093
vt -0.08253242 -0.01103834
vt -0.1115642 -0.02151051
vt -0.1090238 -0.0285531
vt -0.07520616 -0.0631551
vt -0.0759868 -0.05570914
vt -0.08749722 -0.05691591
vt -0.08941562 -0.05711703
vt -0.09325242 -0.05751929
vt -0.09517084 -0.05772044
vt -0.1066813 -0.05892726
vt -0.1059006 -0.0663732
vt -0.08952214 -0.0828265
vt -0.08979579 -0.08097491
vt -0.09034312 -0.07727176
vt -0.09061684 -0.07542019
vt -0.102066 -0.07711246
vt -0.1009713 -0.08451875
vt 0.1006772 -0.01758334
vt 0.09886272 -0.01692881
vt 0.09523377 -0.01561981
vt 0.09341926 -0.0149653
vt 0.08253241 -0.0110383
vt 0.07999206 -0.01808089
vt 0.1090238 -0.02855301
vt 0.1115642 -0.02151041
vt -0.05727624 -0.1104851
vt -0.05400193 -0.1155895
vt -0.05149232 -0.1148246
vt -0.05553467 -0.108523
vt 0.05068935 -0.04687238
vt 0.05084939 -0.05293456
vt 0.05339264 -0.05357891
vt 0.05319507 -0.04609477
vt -0.07634679 -0.04619478
vt -0.07650684 -0.05225695
vt -0.07400114 -0.05303458
vt -0.07380357 -0.04555043
vt -0.02504125 0.06188481
vt -0.02990325 0.05826042
vt -0.02896419 0.05581066
vt -0.02296171 0.0602852
vt 0.1054647 -0.03253416
vt 0.1032937 -0.02687183
vt 0.1006811 -0.02711183
vt 0.1033614 -0.03410235
vt 0.1059274 -0.07762087
vt 0.1071705 -0.07168538
vt 0.1048446 -0.07047156
vt 0.1033099 -0.07779933
vt 0.06853496 -0.1111253
vt 0.07394312 -0.1083817
vt 0.07343491 -0.1058078
vt 0.06675816 -0.1091949
vt 0.02789426 -0.05632465
vt 0.02646939 -0.06221915
vt 0.03086175 -0.06640039
vt 0.03667896 -0.06468712
vt 0.03810384 -0.05879261
vt 0.0337115 -0.05461138
vt 0.03567259 -0.09662697
vt 0.03239831 -0.1017313
vt 0.03413989 -0.1036935
vt 0.03818224 -0.09739183
vt -0.05692317 -0.08823575
vt -0.06233133 -0.08549217
vt -0.06410813 -0.08742253
vt -0.05743138 -0.09080965
vt -0.0808062 -0.07235925
vt -0.08204932 -0.06642376
vt -0.08466684 -0.06624532
vt -0.08313213 -0.07357309
vt -0.08149967 -0.04172328
vt -0.07932864 -0.03606096
vt -0.08143198 -0.03449276
vt -0.08411227 -0.04148329
vt 0.009702415 0.04130774
vt 0.01456438 0.03768327
vt 0.01664396 0.03928287
vt 0.01064153 0.0437575
vt -0.0337116 -0.05461131
vt -0.03810394 -0.05879253
vt -0.03667907 -0.06468703
vt -0.03086185 -0.06640031
vt -0.02646949 -0.06221906
vt -0.02789436 -0.05632455
vt -0.09034277 -0.07727206
vt -0.08870827 -0.07513842
vt -0.0906165 -0.0754205
vt -0.08271082 -0.076143
vt -0.08216347 -0.07984614
vt -0.08188983 -0.08169773
vt -0.0704407 -0.08000555
vt -0.07153537 -0.07259926
vt -0.08298446 -0.07429142
vt -0.00685026 0.03459991
vt -0.009193418 0.03591659
vt -0.02971232 -0.0005985888
vt -0.02736918 -0.001915269
vt -0.08979543 -0.08097546
vt -0.08952177 -0.08282704
vt -0.08761357 -0.08254497
vt -0.0837981 -0.08197971
vt -0.08188992 -0.08169768
vt -0.08216356 -0.07984609
vt -0.08271081 -0.07614294
vt -0.08298445 -0.07429136
vt -0.08489266 -0.07457339
vt 0.06699383 -0.02676231
vt 0.06428252 -0.02418129
vt 0.03540288 -0.05451856
vt 0.03811419 -0.05709959
vt 0.1086786 -0.04928568
vt 0.1065427 -0.0476541
vt 0.08111616 -0.08093886
vt 0.08325204 -0.08257042
vt 0.101514 0.01278769
vt 0.09769382 0.01332517
vt 0.09185755 -0.02815159
vt 0.09567773 -0.02868908
vt 0.008979807 0.03579671
vt 0.006636689 0.03448002
vt 0.02715595 -0.002034966
vt 0.02949908 -0.0007182574
vt -0.0642819 -0.02418077
vt -0.06699322 -0.02676178
vt -0.03811359 -0.05709907
vt -0.03540228 -0.05451806
vt -0.1063499 -0.04750678
vt -0.1084858 -0.04913833
vt -0.08305923 -0.0824231
vt -0.08092333 -0.08079152
vt -0.09769402 0.01332504
vt -0.1015142 0.01278753
vt -0.09567784 -0.02868922
vt -0.09185763 -0.02815172
vt -0.05919544 -0.0671689
vt -0.06251045 -0.07066981
vt -0.06008949 -0.07183728
vt -0.02295934 -0.09254386
vt -0.02770508 -0.09339447
vt -0.02566605 -0.09653378
vt -0.0092561 -0.1145217
vt -0.01379153 -0.1130993
vt -0.01390918 -0.1157844
vt -0.0592453 -0.104299
vt -0.05926802 -0.09954576
vt -0.06278638 -0.1011282
vt -0.1154173 -0.01648013
vt -0.1106001 -0.01627945
vt -0.1115227 -0.01375505
vt -0.1154386 -0.02459592
vt -0.1119874 -0.02796269
vt -0.1106186 -0.02447854
vt -0.1105724 -0.04456295
vt -0.1087413 -0.04894937
vt -0.1066107 -0.0473109
vt -0.091914 -0.05134896
vt -0.09337433 -0.05587229
vt -0.08953797 -0.05546576
vt -0.02341569 -0.2235579
vt -0.02983451 -0.2274115
vt -0.01394883 -0.2538719
vt -0.007530014 -0.2500183
vt -0.2146927 -0.1129919
vt -0.2217278 -0.1104309
vt -0.2322852 -0.1394317
vt -0.2252501 -0.1419928
vt -0.142105 -0.1124898
vt -0.147494 -0.1072927
vt -0.1689181 -0.1295078
vt -0.1635292 -0.134705
vt 0.02983407 -0.2274114
vt 0.02341525 -0.2235578
vt 0.0174581 -0.2334804
vt 0.01646524 -0.2351342
vt 0.01447953 -0.2384417
vt 0.01348667 -0.2400955
vt 0.007529533 -0.2500182
vt 0.01394836 -0.2538718
vt 0.2283261 -0.1285567
vt 0.2265673 -0.1291969
vt 0.2230498 -0.1304774
vt 0.221291 -0.1311177
vt 0.2252501 -0.1419931
vt 0.2322851 -0.139432
vt 0.1608839 -0.1211773
vt 0.1595449 -0.1197888
vt 0.1568669 -0.1170119
vt 0.1555279 -0.1156235
vt 0.1474938 -0.1072929
vt 0.1421048 -0.11249
vt 0.163529 -0.1347052
vt 0.168918 -0.129508
vt 0.2150934 -0.1628177
vt 0.2209374 -0.1611982
vt 0.2209485 -0.1585746
vt 0.2137336 -0.160574
vt -0.07791679 -0.1513544
vt -0.08338086 -0.1539848
vt -0.08292632 -0.1565688
vt -0.07618055 -0.1533213
vt 0.06678391 -0.1744795
vt 0.07224799 -0.1771099
vt 0.07398423 -0.175143
vt 0.06723846 -0.1718956
vt -0.09428034 -0.0384563
vt -0.09039034 -0.04310853
vt -0.0879968 -0.04203425
vt -0.09279924 -0.03629076
vt -0.2277451 -0.006724364
vt -0.2231067 -0.01063086
vt -0.2209359 -0.009157461
vt -0.2266623 -0.00433464
vt 0.09233199 -0.2612271
vt 0.09620739 -0.2565627
vt 0.09471951 -0.2544019
vt 0.08993508 -0.2601604
vt 0.210211 -0.1700068
vt 0.2144426 -0.165663
vt 0.2131301 -0.1633914
vt 0.2079058 -0.1687541
vt 0.1730573 0.0006755237
vt 0.1778326 -0.003062392
vt 0.1834574 -0.0007958283
vt 0.1843069 0.005208638
vt 0.1795316 0.008946561
vt 0.1739068 0.006680002
vt -0.2082392 -0.1380835
vt -0.2140832 -0.136464
vt -0.215443 -0.1387077
vt -0.2082282 -0.140707
vt -0.1918263 -0.1520966
vt -0.196058 -0.1477528
vt -0.1983632 -0.1490056
vt -0.1931389 -0.1543683
vt -0.07258917 -0.2448252
vt -0.07646457 -0.2401608
vt -0.07886149 -0.2412276
vt -0.07407703 -0.2469861
vt 0.211212 0.01290427
vt 0.2065735 0.00899783
vt 0.2076563 0.00660809
vt 0.2133828 0.01143085
vt 0.07459135 -0.02199289
vt 0.07070134 -0.02664511
vt 0.07218243 -0.02881067
vt 0.0769849 -0.02306718
vt -0.173907 0.006679986
vt -0.1795318 0.008946544
vt -0.1843071 0.005208632
vt -0.1834576 -0.0007958516
vt -0.1778328 -0.003062411
vt -0.1730575 0.000675514
vt 0.2230504 -0.1304757
vt 0.2206317 -0.1293035
vt 0.2212916 -0.131116
vt 0.2204105 -0.1232264
vt 0.2239281 -0.1219459
vt 0.2256869 -0.1213056
vt 0.2217278 -0.1104303
vt 0.2146928 -0.1129914
vt 0.2186518 -0.1238667
vt -0.00389647 -0.02721292
vt -0.005727069 -0.02918088
vt 0.02494125 -0.05770869
vt 0.02677186 -0.05574073
vt 0.226567 -0.1291982
vt 0.2283258 -0.1285579
vt 0.227666 -0.1267453
vt 0.2263465 -0.1231188
vt 0.2256867 -0.1213063
vt 0.2239279 -0.1219465
vt 0.2204108 -0.1232256
vt 0.218652 -0.1238659
vt 0.2193119 -0.1256785
vt 0.1623396 0.04850869
vt 0.1588675 0.04710958
vt 0.1745222 0.008259728
vt 0.1779943 0.00965883
vt 0.2219811 -0.1316855
vt 0.2195905 -0.1304571
vt 0.2004485 -0.1677126
vt 0.2028391 -0.1689408
vt 0.120408 -0.1566778
vt 0.1178219 -0.1538152
vt 0.08674116 -0.1818931
vt 0.08932734 -0.1847558
vt 0.005562442 -0.02900403
vt 0.003731843 -0.02703607
vt -0.02693652 -0.05556384
vt -0.02510592 -0.0575318
vt -0.1588675 0.04710954
vt -0.1623396 0.04850867
vt -0.1779943 0.009658797
vt -0.1745223 0.008259681
vt -0.2193744 -0.1303466
vt -0.2217651 -0.1315749
vt -0.202623 -0.1688302
vt -0.2002323 -0.167602
vt -0.1178222 -0.1538152
vt -0.1204083 -0.1566778
vt -0.08932762 -0.1847558
vt -0.08674146 -0.1818932
vt 0.1613677 -0.1665445
vt 0.1639436 -0.1706201
vt 0.1656718 -0.1685616
vt 0.2077159 -0.1252048
vt 0.2070962 -0.1299862
vt 0.2107041 -0.1289885
vt 0.2336266 -0.1070537
vt 0.2309053 -0.1109509
vt 0.2334306 -0.1118711
vt 0.2275743 -0.07070813
vt 0.2229569 -0.07183634
vt 0.2253145 -0.07488988
vt 0.2186932 -0.01216336
vt 0.2140282 -0.01094502
vt 0.2141715 -0.01362894
vt 0.2326056 -0.01365238
vt 0.2311099 -0.009068845
vt 0.2282811 -0.01152056
vt 0.1630278 -0.197733
vt 0.1672886 -0.195626
vt 0.1655176 -0.1936042
vt 0.1211024 -0.2146106
vt 0.1251256 -0.217142
vt 0.1256782 -0.2133239
vt -0.2268301 -0.0636663
vt -0.2310018 -0.05744955
vt -0.2566292 -0.07464678
vt -0.2524575 -0.08086352
vt 0.209168 -0.1189093
vt 0.2081137 -0.1263215
vt 0.2386689 -0.1306674
vt 0.2397232 -0.1232553
vt 0.2210204 -0.03701396
vt 0.2201477 -0.04444968
vt 0.2508001 -0.04804698
vt 0.2516728 -0.04061126
vt 0.231002 -0.05744848
vt 0.2268303 -0.06366526
vt 0.2364406 -0.07011417
vt 0.2380423 -0.07118899
vt 0.2412457 -0.07333864
vt 0.2428474 -0.07441344
vt 0.2524578 -0.08086236
vt 0.2566295 -0.07464559
vt -0.2272112 -0.1290371
vt -0.2274747 -0.127184
vt -0.2280018 -0.1234779
vt -0.2282654 -0.1216249
vt -0.2397236 -0.1232546
vt -0.2386694 -0.1306668
vt -0.2393055 -0.04669788
vt -0.2373897 -0.04647305
vt -0.2335581 -0.04602337
vt -0.2316424 -0.04579854
vt -0.2201478 -0.04444953
vt -0.2210204 -0.03701381
vt -0.2516728 -0.04061113
vt -0.2508001 -0.04804685
vt -0.2543709 -0.0219013
vt -0.2559891 -0.02774571
vt -0.2537451 -0.02910499
vt -0.2517474 -0.02188969
vt 0.003421995 0.1817755
vt 0.009003287 0.1841471
vt 0.008670274 0.1867495
vt 0.001779796 0.1838216
vt 0.006616727 0.2053982
vt 0.001035442 0.2077699
vt -0.0006067704 0.2057238
vt 0.006283705 0.2027959
vt 0.1748816 -0.003723126
vt 0.1743939 0.002321491
vt 0.1718195 0.002827344
vt 0.1724216 -0.004635156
vt 0.1364869 -0.1790391
vt 0.1393066 -0.1736702
vt 0.1374016 -0.1718664
vt 0.1339204 -0.1784946
vt -0.1459652 -0.2202866
vt -0.1401311 -0.2219416
vt -0.1387577 -0.2197063
vt -0.1459602 -0.217663
vt -0.2558004 -0.08522981
vt -0.2541351 -0.09106095
vt -0.2515116 -0.0910514
vt -0.2535674 -0.08385246
vt -0.08246832 -0.04346769
vt -0.08845074 -0.04247477
vt -0.09230186 -0.04715925
vt -0.09017054 -0.05283664
vt -0.08418811 -0.05382957
vt -0.080337 -0.04914508
vt 0.229635 -0.02874967
vt 0.2312531 -0.03459407
vt 0.2338767 -0.03460569
vt 0.231879 -0.02739037
vt 0.2311206 -0.07818183
vt 0.2294554 -0.08401299
vt 0.2316884 -0.08539034
vt 0.2337442 -0.07819138
vt 0.1389605 -0.1955946
vt 0.1331265 -0.1972497
vt 0.1331314 -0.1998733
vt 0.140334 -0.1978299
vt -0.113765 -0.167105
vt -0.1165847 -0.1617362
vt -0.1191511 -0.1622807
vt -0.11567 -0.1689089
vt -0.1492999 -0.005787705
vt -0.1488122 0.0002569167
vt -0.1512722 0.00116895
vt -0.1518743 -0.006293554
vt 0.0803372 -0.04914533
vt 0.0841883 -0.05382983
vt 0.09017073 -0.05283691
vt 0.09230205 -0.0471595
vt 0.08845095 -0.04247502
vt 0.08246852 -0.04346794
vt -0.2280025 -0.1234766
vt -0.2263563 -0.1213519
vt -0.228266 -0.1216235
vt -0.2203622 -0.1223925
vt -0.219835 -0.1260986
vt -0.2195715 -0.1279517
vt -0.2081133 -0.1263219
vt -0.2091676 -0.1189098
vt -0.2206258 -0.1205395
vt 0.0934268 0.05239534
vt 0.09560499 0.05396997
vt 0.07106622 0.08791448
vt 0.06888803 0.08633985
vt -0.2274754 -0.1271832
vt -0.2272119 -0.1290362
vt -0.2253021 -0.1287646
vt -0.2214809 -0.1282238
vt -0.2195713 -0.1279522
vt -0.2198348 -0.1260991
vt -0.2203622 -0.1223924
vt -0.2206258 -0.1205394
vt -0.2225354 -0.120811
vt -0.05014296 -0.08031816
vt -0.04776571 -0.07742652
vt -0.08012076 -0.05082704
vt -0.082498 -0.05371867
vt -0.1616425 -0.1740992
vt -0.1597145 -0.1722266
vt -0.1888964 -0.1421801
vt -0.1908245 -0.1440527
vt -0.2355666 -0.05320795
vt -0.2317652 -0.05255025
vt -0.2389053 -0.01127798
vt -0.2427067 -0.01193567
vt -0.09540819 0.05382788
vt -0.09322999 0.05225325
vt -0.06869121 0.08619776
vt -0.0708694 0.08777238
vt 0.04776514 -0.07742575
vt 0.05014238 -0.08031741
vt 0.08249741 -0.05371791
vt 0.08012018 -0.05082626
vt 0.159541 -0.1720575
vt 0.161469 -0.1739301
vt 0.1906509 -0.1438835
vt 0.1887229 -0.1420109
vt 0.2317652 -0.05255011
vt 0.2355666 -0.0532078
vt 0.2427066 -0.01193553
vt 0.2389053 -0.01127783
vt -0.2246254 0.0007239149
vt -0.2293621 -0.0001757139
vt -0.2280819 -0.002538951
vt -0.2180745 -0.0336443
vt -0.2218363 -0.03062858
vt -0.2228603 -0.03422918
vt -0.232205 -0.09102134
vt -0.2342531 -0.08673198
vt -0.2362991 -0.08847494
vt -0.2282176 -0.1125477
vt -0.2267807 -0.1080168
vt -0.2306149 -0.1084433
vt -0.1944551 -0.1353359
vt -0.1909966 -0.1319766
vt -0.1933665 -0.1307089
vt -0.14661 -0.1821022
vt -0.141808 -0.1816701
vt -0.1435645 -0.1783644
vt -0.136609 -0.2144618
vt -0.1323158 -0.2165018
vt -0.1318254 -0.2138592
vt -0.2059529 -0.1414372
vt -0.2064661 -0.1461626
vt -0.2027918 -0.1449869
vt -0.1266511 0.009416352
vt -0.1316632 0.01497788
vt -0.1545896 -0.00568346
vt -0.1495775 -0.01124498
vt -0.07851756 -0.06430566
vt -0.08552772 -0.06167714
vt -0.09636335 -0.09057519
vt -0.08935321 -0.09320374
vt 0.08790028 -0.04434402
vt 0.08186676 -0.04877665
vt 0.1001394 -0.07364869
vt 0.1061729 -0.06921607
vt 0.1316632 0.0149779
vt 0.1266511 0.009416387
vt 0.1352485 0.001668398
vt 0.1366814 0.0003770617
vt 0.1395472 -0.002205612
vt 0.1409801 -0.003496938
vt 0.1495775 -0.01124494
vt 0.1545896 -0.005683406
vt 0.09230014 -0.07973852
vt 0.09054761 -0.08039565
vt 0.08704253 -0.08170991
vt 0.08528998 -0.08236706
vt 0.08935337 -0.09320386
vt 0.09636354 -0.09057532
vt -0.0932873 -0.06432139
vt -0.09214525 -0.06276689
vt -0.08986118 -0.05965788
vt -0.08871914 -0.0581034
vt -0.08186693 -0.04877638
vt -0.08790044 -0.04434376
vt -0.1061731 -0.06921582
vt -0.1001396 -0.07364842
vt 0.1382713 -0.05937312
vt 0.1424313 -0.05496071
vt 0.1410818 -0.05271084
vt 0.1359459 -0.05815825
vt -0.1130392 0.03405232
vt -0.1165015 0.03903109
vt -0.1189808 0.03817325
vt -0.1147065 0.0320266
vt 0.134111 0.01939907
vt 0.1375732 0.02437785
vt 0.135906 0.02640356
vt 0.1316316 0.02025691
vt 0.06284331 -0.03399106
vt 0.06811397 -0.03099186
vt 0.06748319 -0.02844524
vt 0.06097617 -0.03214797
vt -0.07251006 -0.04729525
vt -0.06665441 -0.04887215
vt -0.06531097 -0.04661864
vt -0.07254017 -0.04467183
vt -0.1453045 0.003578494
vt -0.1413034 -0.0009785312
vt -0.1389364 0.0001531562
vt -0.143876 0.005779126
vt -0.1465807 -0.03914576
vt -0.1433887 -0.04430193
vt -0.1408671 -0.04357738
vt -0.144808 -0.03721176
vt -0.01971015 0.09041104
vt -0.02082576 0.0963718
vt -0.02654574 0.09838603
vt -0.0311501 0.09443952
vt -0.03003451 0.08847874
vt -0.02431453 0.08646451
vt -0.1195966 -0.04176517
vt -0.1237566 -0.03735274
vt -0.126082 -0.0385676
vt -0.1209462 -0.04401504
vt 0.1247575 -0.02563651
vt 0.1215653 -0.03079266
vt 0.1233381 -0.03272668
vt 0.127279 -0.02636107
vt 0.1260175 0.02051234
vt 0.1220164 0.01595531
vt 0.1234448 0.01375467
vt 0.1283844 0.01938063
vt 0.06583628 -0.02251272
vt 0.05998063 -0.02408963
vt 0.05995052 -0.02671304
vt 0.06717974 -0.02476626
vt -0.05014998 -0.01168463
vt -0.05542067 -0.008685416
vt -0.05728781 -0.01052852
vt -0.05078079 -0.01423125
vt 0.02431467 0.08646454
vt 0.03003465 0.08847877
vt 0.03115028 0.09443954
vt 0.02654588 0.09838606
vt 0.02082591 0.09637183
vt 0.01971029 0.09041105
vt 0.08704078 -0.08171151
vt 0.08461102 -0.08056249
vt 0.08528823 -0.08236863
vt 0.08433317 -0.07448523
vt 0.08783825 -0.07317097
vt 0.08959079 -0.07251384
vt 0.08552746 -0.0616771
vt 0.0785173 -0.06430561
vt 0.08258064 -0.07514237
vt 0.04614237 -0.001176204
vt 0.04812114 -0.002995102
vt 0.07646661 0.02784181
vt 0.07448784 0.02966071
vt 0.09054826 -0.08039563
vt 0.09230079 -0.07973851
vt 0.09162356 -0.07793237
vt 0.09026898 -0.07431924
vt 0.08959173 -0.07251312
vt 0.0878392 -0.07317026
vt 0.08433266 -0.07448563
vt 0.08258013 -0.07514278
vt 0.08325733 -0.0769489
vt -0.04326257 0.04742252
vt -0.03973172 0.04617917
vt -0.0258195 0.08568651
vt -0.02935035 0.08692988
vt -0.1163895 -0.01686876
vt -0.1139193 -0.0158096
vt -0.1304245 0.02268659
vt -0.1328948 0.02162741
vt -0.09742557 -0.04984437
vt -0.09461345 -0.04720337
vt -0.1232868 -0.01667112
vt -0.126099 -0.01931213
vt -0.04794229 -0.002830474
vt -0.04596351 -0.001011577
vt -0.07430896 0.02982537
vt -0.07628773 0.02800646
vt 0.03973133 0.04617917
vt 0.04326218 0.04742252
vt 0.02934988 0.08692985
vt 0.02581902 0.0856865
vt 0.1136962 -0.01571393
vt 0.1161664 -0.0167731
vt 0.1326717 0.02172308
vt 0.1302015 0.02278225
vt 0.09461337 -0.04720343
vt 0.09742552 -0.04984444
vt 0.1260989 -0.0193122
vt 0.1232868 -0.01667119
vt 0.1149008 -0.02034993
vt 0.1196522 -0.02116822
vt 0.1192819 -0.01850613
vt 0.1134697 -0.02905797
vt 0.1155044 -0.03342899
vt 0.1180187 -0.0306557
vt 0.0325379 -0.1153054
vt 0.02811378 -0.1170434
vt 0.02970688 -0.1192081
vt 0.01017483 -0.1078282
vt 0.006339038 -0.105021
vt 0.005520098 -0.1087909
vt 0.03810807 -0.08303259
vt 0.03568574 -0.07886387
vt 0.03388212 -0.08085658
vt 0.0724296 -0.05887382
vt 0.07308507 -0.05409717
vt 0.06946975 -0.05506787
vt 0.1014915 -0.0500619
vt 0.1041139 -0.04609754
vt 0.1015663 -0.04524107
vt 0.1139328 -0.03798696
vt 0.1184816 -0.03660784
vt 0.1159603 -0.03368782
vt 0.2015618 -0.02427115
vt 0.203378 -0.03153428
vt 0.2333189 -0.02404769
vt 0.2315028 -0.01678456
vt 0.1934947 -0.08637206
vt 0.1938124 -0.09385206
vt 0.2246474 -0.09254202
vt 0.2243296 -0.08506201
vt 0.1903427 -0.008605513
vt 0.1907254 -0.01608248
vt 0.2215478 -0.01450491
vt 0.2211651 -0.00702796
vt -0.203378 -0.03153295
vt -0.2015619 -0.02426983
vt -0.2127897 -0.02146227
vt -0.214661 -0.02099435
vt -0.2184036 -0.0200585
vt -0.2202749 -0.01959059
vt -0.2315027 -0.01678306
vt -0.2333189 -0.02404619
vt -0.2130844 -0.09303301
vt -0.213005 -0.09116299
vt -0.212846 -0.087423
vt -0.2127666 -0.08555298
vt -0.2243298 -0.08506171
vt -0.2246476 -0.09254171
vt -0.2099893 -0.01509645
vt -0.2080629 -0.01519505
vt -0.2042101 -0.01539224
vt -0.2022837 -0.01549083
vt -0.1907254 -0.01608239
vt -0.1903426 -0.008605427
vt -0.2211651 -0.007027875
vt -0.2215477 -0.01450484
vt -0.2228638 -0.0478548
vt -0.2241838 -0.05377366
vt -0.2218738 -0.05501754
vt -0.2202442 -0.04771031
vt 0.1088112 0.1049613
vt 0.1146076 0.1031788
vt 0.1160297 0.1053835
vt 0.1088737 0.1075841
vt -0.1163547 0.129495
vt -0.122151 0.1277125
vt -0.1220886 0.1250896
vt -0.1149326 0.1272903
vt 0.140707 0.0347021
vt 0.1382572 0.04024949
vt 0.1356598 0.03987993
vt 0.1386842 0.03303129
vt 0.1597837 -0.1261823
vt 0.1606765 -0.1201841
vt 0.1582834 -0.1191088
vt 0.1571812 -0.126514
vt 0.0009152258 -0.2392416
vt 0.006629687 -0.2372117
vt 0.006454626 -0.234594
vt -0.0006002696 -0.2371
vt -0.2209751 -0.09802224
vt -0.2189602 -0.103742
vt -0.216342 -0.1035738
vt -0.2188295 -0.09651236
vt -0.06202916 -0.0750133
vt -0.06801651 -0.07597613
vt -0.07017636 -0.08164274
vt -0.06634887 -0.08634651
vt -0.06036151 -0.08538371
vt -0.05820166 -0.07971709
vt 0.1978127 -0.05344157
vt 0.1991328 -0.05936043
vt 0.2017523 -0.05950491
vt 0.2001227 -0.05219768
vt 0.1967668 -0.08949444
vt 0.1947519 -0.0952142
vt 0.1968975 -0.09672408
vt 0.199385 -0.08966263
vt 0.007674783 -0.2150558
vt 0.001960327 -0.213026
vt 0.0004448301 -0.2151676
vt 0.007499717 -0.2176735
vt -0.1343982 -0.1224032
vt -0.135291 -0.116405
vt -0.1378935 -0.1160733
vt -0.1367913 -0.1234784
vt -0.1172295 0.02433238
vt -0.1147797 0.02987978
vt -0.1168025 0.03155059
vt -0.119827 0.02470194
vt 0.05820162 -0.07971708
vt 0.06036146 -0.0853837
vt 0.06634881 -0.08634651
vt 0.07017631 -0.08164273
vt 0.06801645 -0.07597612
vt 0.0620291 -0.07501329
vt -0.2128462 -0.08742248
vt -0.2108395 -0.08563435
vt -0.2127667 -0.08555248
vt -0.2051369 -0.08775104
vt -0.2052958 -0.09149103
vt -0.2053753 -0.09336104
vt -0.1938122 -0.0938523
vt -0.1934945 -0.08637229
vt -0.2050575 -0.08588102
vt 0.05118012 0.06071861
vt 0.05242833 0.06309894
vt 0.01533376 0.08255078
vt 0.01408555 0.08017046
vt -0.2130053 -0.09116258
vt -0.2130848 -0.0930326
vt -0.2111576 -0.09311448
vt -0.2073024 -0.09327941
vt -0.2053752 -0.0933613
vt -0.2052957 -0.09149128
vt -0.2051369 -0.08775096
vt -0.2050575 -0.08588095
vt -0.2069846 -0.08579908
vt -0.01965585 -0.09965842
vt -0.01832259 -0.09616052
vt -0.05746119 -0.08124238
vt -0.05879445 -0.08474028
vt -0.09297074 -0.1968982
vt -0.09163556 -0.1945656
vt -0.1279868 -0.1737578
vt -0.129322 -0.1760904
vt -0.2076376 0.005913075
vt -0.2038035 0.00548572
vt -0.199163 0.04711319
vt -0.202997 0.04754055
vt -0.05231488 0.0628833
vt -0.05106669 0.06050299
vt -0.01397207 0.07995476
vt -0.01522028 0.08233508
vt 0.01832219 -0.09615926
vt 0.01965543 -0.09965716
vt 0.05879404 -0.08473902
vt 0.05746081 -0.08124112
vt 0.09151527 -0.1943549
vt 0.09285045 -0.1966876
vt 0.1292017 -0.1758797
vt 0.1278665 -0.1735471
vt 0.2038037 0.005484951
vt 0.2076378 0.005912307
vt 0.2029974 0.04753979
vt 0.1991633 0.04711245
vt -0.1934064 -0.02094185
vt -0.1981159 -0.0219748
vt -0.1967694 -0.02430096
vt -0.1859874 -0.05869644
vt -0.1899088 -0.05589133
vt -0.190734 -0.05954263
vt -0.2025205 -0.09167242
vt -0.2044198 -0.08731508
vt -0.2065245 -0.08898659
vt -0.2087206 -0.08614178
vt -0.2066185 -0.08187862
vt -0.2104732 -0.08172341
vt -0.1911617 -0.09081168
vt -0.1869682 -0.08843257
vt -0.1889421 -0.08660845
vt -0.1707319 -0.1253714
vt -0.1660575 -0.1265531
vt -0.1666209 -0.1228524
vt -0.1840875 -0.1337313
vt -0.1810493 -0.1373869
vt -0.1794937 -0.1351952
vt -0.2094219 -0.06168974
vt -0.2116225 -0.06590287
vt -0.2077724 -0.06614764
vt -0.1037612 -0.1812848
vt -0.1112021 -0.1821117
vt -0.1077934 -0.2127856
vt -0.1003525 -0.2119587
vt -0.19822 -0.07818691
vt -0.2046491 -0.07435048
vt -0.2204641 -0.1008532
vt -0.214035 -0.1046896
vt -0.1001374 -0.1358235
vt -0.1062481 -0.1314979
vt -0.1240794 -0.1566882
vt -0.1179687 -0.1610138
vt 0.1112015 -0.1821119
vt 0.1037605 -0.181285
vt 0.1024822 -0.1927877
vt 0.1022692 -0.1947048
vt 0.101843 -0.198539
vt 0.10163 -0.2004561
vt 0.1003517 -0.2119589
vt 0.1077927 -0.2127858
vt 0.2145334 -0.09091495
vt 0.2129262 -0.09187406
vt 0.2097116 -0.09379226
vt 0.2081044 -0.0947514
vt 0.214035 -0.1046899
vt 0.2204641 -0.1008535
vt 0.1173927 -0.1472418
vt 0.1162782 -0.1456674
vt 0.1140493 -0.1425186
vt 0.1129349 -0.1409442
vt 0.1062481 -0.1314979
vt 0.1001374 -0.1358234
vt 0.1179687 -0.1610138
vt 0.1240794 -0.1566882
vt 0.2137349 -0.1201507
vt 0.2190693 -0.1172663
vt 0.2184938 -0.1147067
vt 0.2119081 -0.1182676
vt -0.1137077 -0.1188545
vt -0.1197478 -0.1193956
vt -0.1202309 -0.1219744
vt -0.112774 -0.1213063
vt 0.1114169 -0.1444196
vt 0.117457 -0.1449607
vt 0.1183907 -0.1425089
vt 0.1109338 -0.1418408
vt -0.06569782 -0.07623217
vt -0.06073225 -0.0797133
vt -0.05870022 -0.07805378
vt -0.06483055 -0.07375607
vt -0.1954803 -0.009230433
vt -0.1910376 -0.01335811
vt -0.1887977 -0.01199214
vt -0.1942825 -0.006896256
vt -0.08110474 -0.2361879
vt -0.07518192 -0.2348859
vt -0.07502947 -0.2322667
vt -0.0823416 -0.2338742
vt 0.1740818 -0.175317
vt 0.1784531 -0.1711138
vt 0.1772155 -0.1688005
vt 0.1718188 -0.1739896
vt 0.1336407 0.05720181
vt 0.13964 0.05631667
vt 0.1434062 0.06106966
vt 0.1411731 0.0667078
vt 0.1351738 0.06759296
vt 0.1314076 0.06283996
vt -0.2015271 -0.09757342
vt -0.2068615 -0.09468906
vt -0.2086883 -0.09657218
vt -0.2021026 -0.1001331
vt -0.1562922 -0.1568156
vt -0.1606635 -0.1526124
vt -0.1629266 -0.1539398
vt -0.1575299 -0.159129
vt 0.0866163 -0.2111198
vt 0.08069346 -0.2098178
vt 0.07945661 -0.2121315
vt 0.08676877 -0.213739
vt 0.1780112 0.009570835
vt 0.1735685 0.005443198
vt 0.1747663 0.003109004
vt 0.1802512 0.008204852
vt 0.05096447 -0.05521605
vt 0.04599891 -0.0586972
vt 0.04686616 -0.0611733
vt 0.05299651 -0.05687559
vt -0.1314078 0.06283944
vt -0.135174 0.06759243
vt -0.1411733 0.06670728
vt -0.1434064 0.06106914
vt -0.1396402 0.05631615
vt -0.1336409 0.05720131
vt 0.2097113 -0.09379168
vt 0.2071156 -0.09309439
vt 0.2081041 -0.09475082
vt 0.2057578 -0.08716594
vt 0.2089723 -0.08524772
vt 0.2105796 -0.08428861
vt 0.204649 -0.07435012
vt 0.1982199 -0.07818656
vt 0.2041505 -0.08812506
vt 0.004723962 -0.04281334
vt 0.003688987 -0.04529383
vt 0.04234438 -0.06142269
vt 0.04337936 -0.05894222
vt 0.2129263 -0.0918745
vt 0.2145336 -0.0909154
vt 0.2135451 -0.08925897
vt 0.2115681 -0.08594497
vt 0.2105797 -0.08428857
vt 0.2089724 -0.08524767
vt 0.2057576 -0.08716579
vt 0.2041504 -0.08812492
vt 0.2051388 -0.08978132
vt 0.1006569 0.09346472
vt 0.09833212 0.09053076
vt 0.1311606 0.06451793
vt 0.1334855 0.06745188
vt 0.1799484 -0.1397169
vt 0.1776835 -0.1382697
vt 0.1551313 -0.1735653
vt 0.1573962 -0.1750124
vt 0.06069429 -0.1771303
vt 0.05904518 -0.1736427
vt 0.02117936 -0.1915469
vt 0.02282848 -0.1950345
vt -0.003782451 -0.04506985
vt -0.004817422 -0.04258937
vt -0.04347283 -0.05871823
vt -0.04243786 -0.0611987
vt -0.09833178 0.09053069
vt -0.1006566 0.09346467
vt -0.1334852 0.06745188
vt -0.1311603 0.0645179
vt -0.1774787 -0.1381395
vt -0.1797436 -0.1395867
vt -0.1571912 -0.1748821
vt -0.1549263 -0.173435
vt -0.05904539 -0.1736428
vt -0.0606945 -0.1771304
vt -0.0228287 -0.1950346
vt -0.02117959 -0.191547
vt 0.1758235 -0.1137322
vt 0.1795234 -0.1168235
vt 0.1805384 -0.1143348
vt 0.1982508 -0.08503519
vt 0.1987192 -0.08983376
vt 0.2020115 -0.08805235
vt 0.2097498 -0.09049843
vt 0.2074538 -0.09466042
vt 0.210062 -0.09530969
vt 0.1954401 -0.08325268
vt 0.1908101 -0.08432834
vt 0.193133 -0.08740848
vt 0.1875679 -0.04028944
vt 0.1829854 -0.03879061
vt 0.1829657 -0.04147827
vt 0.2007474 -0.01786415
vt 0.1990637 -0.01334627
vt 0.1963386 -0.01591267
vt 0.2023321 -0.1011796
vt 0.2051654 -0.09736305
vt 0.2026679 -0.09636988
vt 0.1690948 -0.1445728
vt 0.1737945 -0.145284
vt 0.1727742 -0.1415636
vt -0.09687465 0.02351057
vt -0.1008129 0.02987781
vt -0.1270607 0.01364322
vt -0.1231225 0.007275977
vt -0.03067305 -0.06701326
vt -0.03811292 -0.06617647
vt -0.04156248 -0.09684578
vt -0.03412265 -0.09768261
vt 0.08693761 0.004296375
vt 0.08279292 -0.001938428
vt 0.1084949 -0.01902401
vt 0.1126396 -0.01278916
vt 0.1008129 0.02987793
vt 0.09687468 0.02351068
vt 0.1067176 0.01742272
vt 0.108358 0.01640806
vt 0.111639 0.01437873
vt 0.1132795 0.01336408
vt 0.1231225 0.007276118
vt 0.1270607 0.01364336
vt 0.040269 -0.0853449
vt 0.03840905 -0.08555411
vt 0.03468911 -0.08597248
vt 0.03282916 -0.08618174
vt 0.03412279 -0.09768276
vt 0.04156262 -0.09684595
vt -0.09885658 -0.01261711
vt -0.09725017 -0.01154924
vt -0.09403743 -0.009413525
vt -0.09243108 -0.008345684
vt -0.08279288 -0.001938606
vt -0.08693752 0.004296262
vt -0.1126395 -0.01278936
vt -0.1084948 -0.01902419
vt 0.1205168 0.03025644
vt 0.1201892 0.03631186
vt 0.1176291 0.03688564
vt 0.1180335 0.02940982
vt -0.08536281 0.04937573
vt -0.08709189 0.05518829
vt -0.08971519 0.05514998
vt -0.08758055 0.04797399
vt 0.109964 0.04205722
vt 0.111693 0.04786976
vt 0.1094753 0.04927151
vt 0.1073407 0.04209553
vt 0.07379562 -0.006144841
vt 0.07786248 -0.001646418
vt 0.07646617 0.00057475
vt 0.07144537 -0.004978903
vt -0.03309291 -0.05086723
vt -0.0270411 -0.05125576
vt -0.02616952 -0.04878116
vt -0.03364088 -0.0483015
vt -0.112046 0.01102928
vt -0.1083091 0.006253132
vt -0.105882 0.007249063
vt -0.1104953 0.01314556
vt -0.1250298 0.02057168
vt -0.1235229 0.01469761
vt -0.1209 0.0146362
vt -0.1227604 0.02188813
vt -0.01621753 0.07196797
vt -0.01891661 0.07739847
vt -0.0249691 0.07777627
vt -0.0283225 0.07272357
vt -0.02562347 0.06729305
vt -0.01957097 0.06691526
vt -0.09488716 0.0288724
vt -0.09455939 0.0349278
vt -0.09704262 0.03577451
vt -0.09744723 0.02829867
vt 0.1001685 0.02694919
vt 0.09866151 0.02107515
vt 0.1009309 0.0197587
vt 0.1027914 0.02701059
vt 0.09183149 0.02684478
vt 0.08809473 0.02206861
vt 0.08964539 0.01995234
vt 0.09425869 0.02584884
vt 0.03144851 -0.02525388
vt 0.0253967 -0.02564241
vt 0.0248487 -0.02820813
vt 0.03232006 -0.02772847
vt -0.05475613 0.01106755
vt -0.05882298 0.01556601
vt -0.06117327 0.01440006
vt -0.05615246 0.008846397
vt 0.01957107 0.06691532
vt 0.02562356 0.06729311
vt 0.02832262 0.07272361
vt 0.0249692 0.07777633
vt 0.01891671 0.07739853
vt 0.01621762 0.07196803
vt 0.0346862 -0.08597355
vt 0.03261068 -0.0842659
vt 0.03282625 -0.08618276
vt 0.03382633 -0.0783049
vt 0.03754625 -0.07788652
vt 0.03940621 -0.07767732
vt 0.03811264 -0.06617634
vt 0.03067281 -0.06701315
vt 0.03196636 -0.07851411
vt 0.04702023 0.003769606
vt 0.0494788 0.002683579
vt 0.0664032 0.04099736
vt 0.06394463 0.04208338
vt 0.03841037 -0.08555429
vt 0.04027032 -0.08534507
vt 0.04005472 -0.08342825
vt 0.03962304 -0.07959343
vt 0.03940743 -0.07767661
vt 0.03754748 -0.07788584
vt 0.033825 -0.07830536
vt 0.03196502 -0.07851455
vt 0.0321806 -0.08043136
vt -0.02715264 0.02418597
vt -0.02341652 0.02395277
vt -0.02080706 0.06575672
vt -0.02454318 0.06598993
vt -0.08423015 -0.00606548
vt -0.08169714 -0.00516676
vt -0.09570219 0.03430779
vt -0.0982352 0.03340905
vt -0.08729859 -0.02277281
vt -0.08392537 -0.02090082
vt -0.1042493 0.01572321
vt -0.1076225 0.01385122
vt -0.04925685 0.002781718
vt -0.04679829 0.003867743
vt -0.06372268 0.04218153
vt -0.06618124 0.0410955
vt 0.02341566 0.02395294
vt 0.02715176 0.02418615
vt 0.0245421 0.06599011
vt 0.020806 0.0657569
vt 0.08146851 -0.005085713
vt 0.08400156 -0.005984458
vt 0.09800666 0.03349008
vt 0.09547365 0.0343888
vt 0.08392538 -0.0209009
vt 0.08729859 -0.02277287
vt 0.1076225 0.01385114
vt 0.1042493 0.01572314
vt 0.08905329 -0.009800983
vt 0.09385985 -0.009422786
vt 0.09284467 -0.006934121
vt 0.07612912 0.04489046
vt 0.08087835 0.0440595
vt 0.08004148 0.04770815
vt -0.06535442 -0.06444477
vt -0.06943382 -0.06200512
vt -0.07017364 -0.06458902
vt -0.04420267 -0.07423832
vt -0.04634527 -0.06999534
vt -0.04878693 -0.07298219
vt -0.007917123 -0.07266904
vt -0.00890656 -0.06795024
vt -0.01124505 -0.06927516
vt 0.0307657 -0.06231754
vt 0.03235057 -0.05776405
vt 0.0286148 -0.05800249
vt 0.06407797 -0.05425464
vt 0.06696258 -0.05047674
vt 0.0644787 -0.0494499
vt 0.08418415 -0.03639849
vt 0.08861029 -0.03466563
vt 0.08586709 -0.03195312
vt 0.03751314 -0.06136429
vt 0.036105 -0.06871741
vt 0.0664169 -0.07452233
vt 0.06782506 -0.0671692
vt 0.02095642 -0.07329818
vt 0.01797812 -0.08016706
vt 0.04629371 -0.09244451
vt 0.04927201 -0.08557566
vt -0.04640254 -0.01384867
vt -0.04883157 -0.00676691
vt -0.07802478 -0.01678013
vt -0.07559575 -0.02386188
vt -0.03610507 -0.06871729
vt -0.0375132 -0.06136414
vt -0.04888016 -0.06354096
vt -0.05077464 -0.06390376
vt -0.05456363 -0.06462936
vt -0.05645814 -0.06499219
vt -0.06782515 -0.06716906
vt -0.06641697 -0.07452218
vt -0.03567487 -0.08784069
vt -0.03641945 -0.08612348
vt -0.0379086 -0.08268905
vt -0.03865323 -0.08097185
vt -0.04927154 -0.08557595
vt -0.04629323 -0.09244482
vt 0.06707732 -0.01302516
vt 0.06525271 -0.01239931
vt 0.06160358 -0.01114767
vt 0.05977901 -0.01052186
vt 0.04883155 -0.006766926
vt 0.04640253 -0.01384868
vt 0.07559576 -0.02386191
vt 0.07802476 -0.01678014
vt -0.0006844933 -0.1021756
vt 0.004216467 -0.1057472
vt 0.006278558 -0.1041252
vt 0.0002280104 -0.09971581
vt 0.01258779 -0.0575107
vt 0.0113983 -0.06345715
vt 0.0137351 -0.06464992
vt 0.01520358 -0.0573086
vt -0.03775621 -0.06254502
vt -0.03656674 -0.0684915
vt -0.03395096 -0.06869359
vt -0.03541945 -0.06135226
vt -0.02861075 0.02173648
vt -0.030996 0.01616101
vt -0.02895397 0.01451381
vt -0.02600922 0.0213971
vt 0.08050244 -0.02759727
vt 0.07732484 -0.02243217
vt 0.07480126 -0.02314963
vt 0.07872421 -0.02952629
vt 0.07902606 -0.07114211
vt 0.07983334 -0.06513182
vt 0.07742514 -0.06409071
vt 0.0764285 -0.07151084
vt 0.0732408 -0.07137084
vt 0.07758489 -0.06713949
vt 0.07633232 -0.06483421
vt 0.07096925 -0.07005809
vt 0.0377589 -0.05150362
vt 0.03816643 -0.05755417
vt 0.04361013 -0.06022652
vt 0.04864631 -0.05684833
vt 0.04823879 -0.05079776
vt 0.04279507 -0.0481254
vt -0.01443164 -0.0814328
vt -0.01933258 -0.08500441
vt -0.01842008 -0.08746421
vt -0.01236953 -0.08305485
vt -0.05533212 -0.05298478
vt -0.05967621 -0.04875343
vt -0.06194777 -0.05006621
vt -0.05658469 -0.05529007
vt -0.05358774 -0.06772542
vt -0.05439506 -0.06171514
vt -0.05699258 -0.0613464
vt -0.05599595 -0.06876653
vt -0.05864156 -0.04104665
vt -0.055464 -0.03588153
vt -0.05724223 -0.0339525
vt -0.06116512 -0.0403292
vt 0.005012574 0.01164105
vt 0.007397882 0.006065605
vt 0.009999426 0.006404978
vt 0.007054614 0.01328826
vt -0.04279515 -0.04812526
vt -0.04823885 -0.05079762
vt -0.04864637 -0.05684816
vt -0.04361019 -0.06022637
vt -0.03816647 -0.05755401
vt -0.03775897 -0.05150346
vt -0.03790747 -0.08268938
vt -0.03688239 -0.08020479
vt -0.03865213 -0.08097219
vt -0.03083048 -0.07961923
vt -0.02934135 -0.08305366
vt -0.02859679 -0.08477089
vt -0.01797844 -0.08016689
vt -0.0209567 -0.07329802
vt -0.03157506 -0.07790202
vt 0.002559882 0.01862543
vt -8.105316E-05 0.01912482
vt -0.007863441 -0.02203118
vt -0.0052225 -0.02253057
vt -0.03641888 -0.0861239
vt -0.03567429 -0.08784111
vt -0.03390457 -0.08707373
vt -0.03036717 -0.08553804
vt -0.02859746 -0.08477072
vt -0.029342 -0.08305348
vt -0.03083017 -0.07961923
vt -0.03157475 -0.07790202
vt -0.03334446 -0.07866935
vt 0.06619857 -0.01158081
vt 0.06283827 -0.009931194
vt 0.04438023 -0.04753016
vt 0.04774053 -0.04917978
vt 0.08979989 -0.02347019
vt 0.08739071 -0.02227856
vt 0.06882028 -0.05982215
vt 0.07122944 -0.06101376
vt 0.06821453 0.004676654
vt 0.06444122 0.005479807
vt 0.05572058 -0.03548765
vt 0.05949387 -0.0362908
vt -0.0001581207 0.01907947
vt -0.00279905 0.01858007
vt 0.004983462 -0.02257591
vt 0.007624398 -0.02207651
vt -0.06283785 -0.009930997
vt -0.06619817 -0.01158061
vt -0.04774017 -0.0491796
vt -0.04437986 -0.04753
vt -0.08717315 -0.02217096
vt -0.08958231 -0.02336257
vt -0.07101186 -0.06090616
vt -0.0686027 -0.05971455
vt -0.06444122 0.005479935
vt -0.06821453 0.004676768
vt -0.05949386 -0.03629068
vt -0.05572055 -0.03548752
vt -0.01590073 -0.06652927
vt -0.01826157 -0.07073309
vt -0.01562898 -0.07127474
vt 0.02450952 -0.07314366
vt 0.02039286 -0.0756534
vt 0.02342941 -0.0778425
vt 0.05547502 -0.07093319
vt 0.05091537 -0.07227595
vt 0.05231225 -0.07457222
vt 0.08361374 -0.03548454
vt 0.07886428 -0.03529354
vt 0.08028692 -0.03887949
vt -0.08605845 0.02078666
vt -0.08187746 0.01838553
vt -0.08131053 0.02101279
vt -0.08913924 -0.01766189
vt -0.08638934 -0.02162221
vt -0.08438449 -0.01846096
vt -0.0772934 -0.04600199
vt -0.07551368 -0.0504095
vt -0.0733641 -0.04879604
vt -0.05254441 -0.05648339
vt -0.05345595 -0.06114842
vt -0.04969525 -0.06028809
o group98256001
g mesh98256001
usemtl mat2
f 4/4/1 3/3/1 2/2/1 1/1/1
f 3/8/2 6/7/2 5/6/2 2/5/2
f 6/12/3 8/11/3 7/10/3 5/9/3
f 8/20/4 14/19/4 13/18/4 12/17/4 11/16/4 10/15/4 9/14/4 7/13/4
f 14/26/5 18/25/5 17/24/5 16/23/5 15/22/5 13/21/5
f 18/34/6 4/33/6 1/32/6 22/31/6 21/30/6 20/29/6 19/28/6 17/27/6
f 18/38/7 14/37/7 24/36/7 23/35/7
f 1/42/8 2/41/8 26/40/8 25/39/8
f 14/46/9 8/45/9 27/44/9 24/43/9
f 8/50/10 6/49/10 28/48/10 27/47/10
f 6/54/11 3/53/11 29/52/11 28/51/11
f 3/58/12 4/57/12 30/56/12 29/55/12
f 4/62/13 18/61/13 23/60/13 30/59/13
f 23/68/14 24/67/14 27/66/14 28/65/14 29/64/14 30/63/14
f 2/72/15 5/71/15 31/70/15 26/69/15
f 5/76/16 7/75/16 32/74/16 31/73/16
f 7/80/17 9/79/17 33/78/17 32/77/17
f 9/84/18 22/83/18 34/82/18 33/81/18
f 22/88/19 1/87/19 25/86/19 34/85/19
f 25/94/20 26/93/20 31/92/20 32/91/20 33/90/20 34/89/20
f 17/97/21 19/96/21 16/95/21
f 21/103/22 22/102/22 9/101/22 10/100/22 36/99/22 35/98/22
f 12/110/24 13/109/24 15/108/24
f 36/113/25 10/112/25 11/111/25
f 20/116/26 21/115/26 35/114/26
usemtl mat12
f 12/107/23 15/106/23 38/105/23 37/104/23
f 15/120/27 16/119/27 39/118/27 38/117/27
f 16/124/28 19/123/28 40/122/28 39/121/28
f 19/128/29 20/127/29 41/126/29 40/125/29
f 20/132/30 35/131/30 42/130/30 41/129/30
f 35/136/31 36/135/31 43/134/31 42/133/31
f 36/140/32 11/139/32 44/138/32 43/137/32
f 11/144/33 12/143/33 37/142/33 44/141/33
f 37/147/34 38/146/34 45/145/34
f 38/150/35 39/149/35 45/148/35
f 39/153/36 40/152/36 45/151/36
f 40/156/37 41/155/37 45/154/37
f 41/159/38 42/158/38 45/157/38
f 42/162/39 43/161/39 45/160/39
f 43/165/40 44/164/40 45/163/40
f 44/168/41 37/167/41 45/166/41
o group583171219
g mesh583171219
usemtl mat2
f 49/172/42 48/171/42 47/170/42 46/169/42
f 48/176/43 51/175/43 50/174/43 47/173/43
f 51/180/44 53/179/44 52/178/44 50/177/44
f 53/188/45 59/187/45 58/186/45 57/185/45 56/184/45 55/183/45 54/182/45 52/181/45
f 59/194/46 63/193/46 62/192/46 61/191/46 60/190/46 58/189/46
f 63/202/47 49/201/47 46/200/47 67/199/47 66/198/47 65/197/47 64/196/47 62/195/47
f 63/206/48 59/205/48 69/204/48 68/203/48
f 46/210/49 47/209/49 71/208/49 70/207/49
f 59/214/50 53/213/50 72/212/50 69/211/50
f 53/218/51 51/217/51 73/216/51 72/215/51
f 51/222/52 48/221/52 74/220/52 73/219/52
f 48/226/53 49/225/53 75/224/53 74/223/53
f 49/230/54 63/229/54 68/228/54 75/227/54
f 68/236/55 69/235/55 72/234/55 73/233/55 74/232/55 75/231/55
f 47/240/56 50/239/56 76/238/56 71/237/56
f 50/244/57 52/243/57 77/242/57 76/241/57
f 52/248/58 54/247/58 78/246/58 77/245/58
f 54/252/59 67/251/59 79/250/59 78/249/59
f 67/256/60 46/255/60 70/254/60 79/253/60
f 70/262/61 71/261/61 76/260/61 77/259/61 78/258/61 79/257/61
f 62/265/62 64/264/62 61/263/62
f 66/271/63 67/270/63 54/269/63 55/268/63 81/267/63 80/266/63
f 57/278/65 58/277/65 60/276/65
f 81/281/66 55/280/66 56/279/66
f 65/284/67 66/283/67 80/282/67
usemtl mat9
f 57/275/64 60/274/64 83/273/64 82/272/64
f 60/288/68 61/287/68 84/286/68 83/285/68
f 61/292/69 64/291/69 85/290/69 84/289/69
f 64/296/70 65/295/70 86/294/70 85/293/70
f 65/300/71 80/299/71 87/298/71 86/297/71
f 80/304/72 81/303/72 88/302/72 87/301/72
f 81/308/73 56/307/73 89/306/73 88/305/73
f 56/312/74 57/311/74 82/310/74 89/309/74
f 82/315/75 83/314/75 90/313/75
f 83/318/76 84/317/76 90/316/76
f 84/321/77 85/320/77 90/319/77
f 85/324/78 86/323/78 90/322/78
f 86/327/79 87/326/79 90/325/79
f 87/330/80 88/329/80 90/328/80
f 88/333/81 89/332/81 90/331/81
f 89/336/82 82/335/82 90/334/82
o group1916454902
g mesh1916454902
usemtl mat2
f 94/340/83 93/339/83 92/338/83 91/337/83
f 93/344/84 96/343/84 95/342/84 92/341/84
f 96/348/85 98/347/85 97/346/85 95/345/85
f 98/356/86 104/355/86 103/354/86 102/353/86 101/352/86 100/351/86 99/350/86 97/349/86
f 104/362/87 108/361/87 107/360/87 106/359/87 105/358/87 103/357/87
f 108/370/88 94/369/88 91/368/88 112/367/88 111/366/88 110/365/88 109/364/88 107/363/88
f 108/374/89 104/373/89 114/372/89 113/371/89
f 91/378/90 92/377/90 116/376/90 115/375/90
f 104/382/91 98/381/91 117/380/91 114/379/91
f 98/386/92 96/385/92 118/384/92 117/383/92
f 96/390/93 93/389/93 119/388/93 118/387/93
f 93/394/94 94/393/94 120/392/94 119/391/94
f 94/398/95 108/397/95 113/396/95 120/395/95
f 113/404/96 114/403/96 117/402/96 118/401/96 119/400/96 120/399/96
f 92/408/97 95/407/97 121/406/97 116/405/97
f 95/412/98 97/411/98 122/410/98 121/409/98
f 97/416/99 99/415/99 123/414/99 122/413/99
f 99/420/100 112/419/100 124/418/100 123/417/100
f 112/424/101 91/423/101 115/422/101 124/421/101
f 115/430/102 116/429/102 121/428/102 122/427/102 123/426/102 124/425/102
f 107/433/103 109/432/103 106/431/103
f 111/439/104 112/438/104 99/437/104 100/436/104 126/435/104 125/434/104
f 102/446/106 103/445/106 105/444/106
f 126/449/107 100/448/107 101/447/107
f 110/452/108 111/451/108 125/450/108
usemtl mat8
f 102/443/105 105/442/105 128/441/105 127/440/105
f 105/456/109 106/455/109 129/454/109 128/453/109
f 106/460/110 109/459/110 130/458/110 129/457/110
f 109/464/111 110/463/111 131/462/111 130/461/111
f 110/468/112 125/467/112 132/466/112 131/465/112
f 125/472/113 126/471/113 133/470/113 132/469/113
f 126/476/114 101/475/114 134/474/114 133/473/114
f 101/480/115 102/479/115 127/478/115 134/477/115
f 127/483/116 128/482/116 135/481/116
f 128/486/117 129/485/117 135/484/117
f 129/489/118 130/488/118 135/487/118
f 130/492/119 131/491/119 135/490/119
f 131/495/120 132/494/120 135/493/120
f 132/498/121 133/497/121 135/496/121
f 133/501/122 134/500/122 135/499/122
f 134/504/123 127/503/123 135/502/123
o group1941224218
g mesh1941224218
usemtl mat2
f 139/508/124 138/507/124 137/506/124 136/505/124
f 138/512/125 141/511/125 140/510/125 137/509/125
f 141/516/126 143/515/126 142/514/126 140/513/126
f 143/524/127 149/523/127 148/522/127 147/521/127 146/520/127 145/519/127 144/518/127 142/517/127
f 149/530/128 153/529/128 152/528/128 151/527/128 150/526/128 148/525/128
f 153/538/129 139/537/129 136/536/129 157/535/129 156/534/129 155/533/129 154/532/129 152/531/129
f 153/542/130 149/541/130 159/540/130 158/539/130
f 136/546/131 137/545/131 161/544/131 160/543/131
f 149/550/132 143/549/132 162/548/132 159/547/132
f 143/554/133 141/553/133 163/552/133 162/551/133
f 141/558/134 138/557/134 164/556/134 163/555/134
f 138/562/135 139/561/135 165/560/135 164/559/135
f 139/566/136 153/565/136 158/564/136 165/563/136
f 158/572/137 159/571/137 162/570/137 163/569/137 164/568/137 165/567/137
f 137/576/138 140/575/138 166/574/138 161/573/138
f 140/580/139 142/579/139 167/578/139 166/577/139
f 142/584/140 144/583/140 168/582/140 167/581/140
f 144/588/141 157/587/141 169/586/141 168/585/141
f 157/592/142 136/591/142 160/590/142 169/589/142
f 160/598/143 161/597/143 166/596/143 167/595/143 168/594/143 169/593/143
f 152/601/144 154/600/144 151/599/144
f 156/607/145 157/606/145 144/605/145 145/604/145 171/603/145 170/602/145
f 147/614/147 148/613/147 150/612/147
f 171/617/148 145/616/148 146/615/148
f 155/620/149 156/619/149 170/618/149
usemtl mat4
f 147/611/146 150/610/146 173/609/146 172/608/146
f 150/624/150 151/623/150 174/622/150 173/621/150
f 151/628/151 154/627/151 175/626/151 174/625/151
f 154/632/152 155/631/152 176/630/152 175/629/152
f 155/636/153 170/635/153 177/634/153 176/633/153
f 170/640/154 171/639/154 178/638/154 177/637/154
f 171/644/155 146/643/155 179/642/155 178/641/155
f 146/648/156 147/647/156 172/646/156 179/645/156
f 172/651/157 173/650/157 180/649/157
f 173/654/158 174/653/158 180/652/158
f 174/657/159 175/656/159 180/655/159
f 175/660/160 176/659/160 180/658/160
f 176/663/161 177/662/161 180/661/161
f 177/666/162 178/665/162 180/664/162
f 178/669/163 179/668/163 180/667/163
f 179/672/164 172/671/164 180/670/164
o group1100175594
g mesh1100175594
usemtl mat2
f 184/676/165 183/675/165 182/674/165 181/673/165
f 183/680/166 186/679/166 185/678/166 182/677/166
f 186/684/167 188/683/167 187/682/167 185/681/167
f 188/692/168 194/691/168 193/690/168 192/689/168 191/688/168 190/687/168 189/686/168 187/685/168
f 194/698/169 198/697/169 197/696/169 196/695/169 195/694/169 193/693/169
f 198/706/170 184/705/170 181/704/170 202/703/170 201/702/170 200/701/170 199/700/170 197/699/170
f 198/710/171 194/709/171 204/708/171 203/707/171
f 181/714/172 182/713/172 206/712/172 205/711/172
f 194/718/173 188/717/173 207/716/173 204/715/173
f 188/722/174 186/721/174 208/720/174 207/719/174
f 186/726/175 183/725/175 209/724/175 208/723/175
f 183/730/176 184/729/176 210/728/176 209/727/176
f 184/734/177 198/733/177 203/732/177 210/731/177
f 203/740/178 204/739/178 207/738/178 208/737/178 209/736/178 210/735/178
f 182/744/179 185/743/179 211/742/179 206/741/179
f 185/748/180 187/747/180 212/746/180 211/745/180
f 187/752/181 189/751/181 213/750/181 212/749/181
f 189/756/182 202/755/182 214/754/182 213/753/182
f 202/760/183 181/759/183 205/758/183 214/757/183
f 205/766/184 206/765/184 211/764/184 212/763/184 213/762/184 214/761/184
f 197/769/185 199/768/185 196/767/185
f 201/775/186 202/774/186 189/773/186 190/772/186 216/771/186 215/770/186
f 192/782/188 193/781/188 195/780/188
f 216/785/189 190/784/189 191/783/189
f 200/788/190 201/787/190 215/786/190
usemtl mat8
f 192/779/187 195/778/187 218/777/187 217/776/187
f 195/792/191 196/791/191 219/790/191 218/789/191
f 196/796/192 199/795/192 220/794/192 219/793/192
f 199/800/193 200/799/193 221/798/193 220/797/193
f 200/804/194 215/803/194 222/802/194 221/801/194
f 215/808/195 216/807/195 223/806/195 222/805/195
f 216/812/196 191/811/196 224/810/196 223/809/196
f 191/816/197 192/815/197 217/814/197 224/813/197
f 217/819/198 218/818/198 225/817/198
f 218/822/199 219/821/199 225/820/199
f 219/825/200 220/824/200 225/823/200
f 220/828/201 221/827/201 225/826/201
f 221/831/202 222/830/202 225/829/202
f 222/834/203 223/833/203 225/832/203
f 223/837/204 224/836/204 225/835/204
f 224/840/205 217/839/205 225/838/205
o group543773821
g mesh543773821
usemtl mat2
f 229/844/206 228/843/206 227/842/206 226/841/206
f 228/848/207 231/847/207 230/846/207 227/845/207
f 231/852/208 233/851/208 232/850/208 230/849/208
f 233/860/209 239/859/209 238/858/209 237/857/209 236/856/209 235/855/209 234/854/209 232/853/209
f 239/866/210 243/865/210 242/864/210 241/863/210 240/862/210 238/861/210
f 243/874/211 229/873/211 226/872/211 247/871/211 246/870/211 245/869/211 244/868/211 242/867/211
f 243/878/212 239/877/212 249/876/212 248/875/212
f 226/882/213 227/881/213 251/880/213 250/879/213
f 239/886/214 233/885/214 252/884/214 249/883/214
f 233/890/215 231/889/215 253/888/215 252/887/215
f 231/894/216 228/893/216 254/892/216 253/891/216
f 228/898/217 229/897/217 255/896/217 254/895/217
f 229/902/218 243/901/218 248/900/218 255/899/218
f 248/908/219 249/907/219 252/906/219 253/905/219 254/904/219 255/903/219
f 227/912/220 230/911/220 256/910/220 251/909/220
f 230/916/221 232/915/221 257/914/221 256/913/221
f 232/920/222 234/919/222 258/918/222 257/917/222
f 234/924/223 247/923/223 259/922/223 258/921/223
f 247/928/224 226/927/224 250/926/224 259/925/224
f 250/934/225 251/933/225 256/932/225 257/931/225 258/930/225 259/929/225
f 242/937/226 244/936/226 241/935/226
f 246/943/227 247/942/227 234/941/227 235/940/227 261/939/227 260/938/227
f 237/950/229 238/949/229 240/948/229
f 261/953/230 235/952/230 236/951/230
f 245/956/231 246/955/231 260/954/231
usemtl mat12
f 237/947/228 240/946/228 263/945/228 262/944/228
f 240/960/232 241/959/232 264/958/232 263/957/232
f 241/964/233 244/963/233 265/962/233 264/961/233
f 244/968/234 245/967/234 266/966/234 265/965/234
f 245/972/235 260/971/235 267/970/235 266/969/235
f 260/976/236 261/975/236 268/974/236 267/973/236
f 261/980/237 236/979/237 269/978/237 268/977/237
f 236/984/238 237/983/238 262/982/238 269/981/238
f 262/987/239 263/986/239 270/985/239
f 263/990/240 264/989/240 270/988/240
f 264/993/241 265/992/241 270/991/241
f 265/996/242 266/995/242 270/994/242
f 266/999/243 267/998/243 270/997/243
f 267/1002/244 268/1001/244 270/1000/244
f 268/1005/245 269/1004/245 270/1003/245
f 269/1008/246 262/1007/246 270/1006/246
o group80703863
g mesh80703863
usemtl mat2
f 274/1012/247 273/1011/247 272/1010/247 271/1009/247
f 273/1016/248 276/1015/248 275/1014/248 272/1013/248
f 276/1020/249 278/1019/249 277/1018/249 275/1017/249
f 278/1028/250 284/1027/250 283/1026/250 282/1025/250 281/1024/250 280/1023/250 279/1022/250 277/1021/250
f 284/1034/251 288/1033/251 287/1032/251 286/1031/251 285/1030/251 283/1029/251
f 288/1042/252 274/1041/252 271/1040/252 292/1039/252 291/1038/252 290/1037/252 289/1036/252 287/1035/252
f 288/1046/253 284/1045/253 294/1044/253 293/1043/253
f 271/1050/254 272/1049/254 296/1048/254 295/1047/254
f 284/1054/255 278/1053/255 297/1052/255 294/1051/255
f 278/1058/256 276/1057/256 298/1056/256 297/1055/256
f 276/1062/257 273/1061/257 299/1060/257 298/1059/257
f 273/1066/258 274/1065/258 300/1064/258 299/1063/258
f 274/1070/259 288/1069/259 293/1068/259 300/1067/259
f 293/1076/260 294/1075/260 297/1074/260 298/1073/260 299/1072/260 300/1071/260
f 272/1080/261 275/1079/261 301/1078/261 296/1077/261
f 275/1084/262 277/1083/262 302/1082/262 301/1081/262
f 277/1088/263 279/1087/263 303/1086/263 302/1085/263
f 279/1092/264 292/1091/264 304/1090/264 303/1089/264
f 292/1096/265 271/1095/265 295/1094/265 304/1093/265
f 295/1102/266 296/1101/266 301/1100/266 302/1099/266 303/1098/266 304/1097/266
f 287/1105/267 289/1104/267 286/1103/267
f 291/1111/268 292/1110/268 279/1109/268 280/1108/268 306/1107/268 305/1106/268
f 282/1118/270 283/1117/270 285/1116/270
f 306/1121/271 280/1120/271 281/1119/271
f 290/1124/272 291/1123/272 305/1122/272
usemtl mat8
f 282/1115/269 285/1114/269 308/1113/269 307/1112/269
f 285/1128/273 286/1127/273 309/1126/273 308/1125/273
f 286/1132/274 289/1131/274 310/1130/274 309/1129/274
f 289/1136/275 290/1135/275 311/1134/275 310/1133/275
f 290/1140/276 305/1139/276 312/1138/276 311/1137/276
f 305/1144/277 306/1143/277 313/1142/277 312/1141/277
f 306/1148/278 281/1147/278 314/1146/278 313/1145/278
f 281/1152/279 282/1151/279 307/1150/279 314/1149/279
f 307/1155/280 308/1154/280 315/1153/280
f 308/1158/281 309/1157/281 315/1156/281
f 309/1161/282 310/1160/282 315/1159/282
f 310/1164/283 311/1163/283 315/1162/283
f 311/1167/284 312/1166/284 315/1165/284
f 312/1170/285 313/1169/285 315/1168/285
f 313/1173/286 314/1172/286 315/1171/286
f 314/1176/287 307/1175/287 315/1174/287
o group816999805
g mesh816999805
usemtl mat2
f 319/1180/288 318/1179/288 317/1178/288 316/1177/288
f 318/1184/289 321/1183/289 320/1182/289 317/1181/289
f 321/1188/290 323/1187/290 322/1186/290 320/1185/290
f 323/1196/291 329/1195/291 328/1194/291 327/1193/291 326/1192/291 325/1191/291 324/1190/291 322/1189/291
f 329/1202/292 333/1201/292 332/1200/292 331/1199/292 330/1198/292 328/1197/292
f 333/1210/293 319/1209/293 316/1208/293 337/1207/293 336/1206/293 335/1205/293 334/1204/293 332/1203/293
f 333/1214/294 329/1213/294 339/1212/294 338/1211/294
f 316/1218/295 317/1217/295 341/1216/295 340/1215/295
f 329/1222/296 323/1221/296 342/1220/296 339/1219/296
f 323/1226/297 321/1225/297 343/1224/297 342/1223/297
f 321/1230/298 318/1229/298 344/1228/298 343/1227/298
f 318/1234/299 319/1233/299 345/1232/299 344/1231/299
f 319/1238/300 333/1237/300 338/1236/300 345/1235/300
f 338/1244/301 339/1243/301 342/1242/301 343/1241/301 344/1240/301 345/1239/301
f 317/1248/302 320/1247/302 346/1246/302 341/1245/302
f 320/1252/303 322/1251/303 347/1250/303 346/1249/303
f 322/1256/304 324/1255/304 348/1254/304 347/1253/304
f 324/1260/305 337/1259/305 349/1258/305 348/1257/305
f 337/1264/306 316/1263/306 340/1262/306 349/1261/306
f 340/1270/307 341/1269/307 346/1268/307 347/1267/307 348/1266/307 349/1265/307
f 332/1273/308 334/1272/308 331/1271/308
f 336/1279/309 337/1278/309 324/1277/309 325/1276/309 351/1275/309 350/1274/309
f 327/1286/311 328/1285/311 330/1284/311
f 351/1289/312 325/1288/312 326/1287/312
f 335/1292/313 336/1291/313 350/1290/313
usemtl mat12
f 327/1283/310 330/1282/310 353/1281/310 352/1280/310
f 330/1296/314 331/1295/314 354/1294/314 353/1293/314
f 331/1300/315 334/1299/315 355/1298/315 354/1297/315
f 334/1304/316 335/1303/316 356/1302/316 355/1301/316
f 335/1308/317 350/1307/317 357/1306/317 356/1305/317
f 350/1312/318 351/1311/318 358/1310/318 357/1309/318
f 351/1316/319 326/1315/319 359/1314/319 358/1313/319
f 326/1320/320 327/1319/320 352/1318/320 359/1317/320
f 352/1323/321 353/1322/321 360/1321/321
f 353/1326/322 354/1325/322 360/1324/322
f 354/1329/323 355/1328/323 360/1327/323
f 355/1332/324 356/1331/324 360/1330/324
f 356/1335/325 357/1334/325 360/1333/325
f 357/1338/326 358/1337/326 360/1336/326
f 358/1341/327 359/1340/327 360/1339/327
f 359/1344/328 352/1343/328 360/1342/328
o group905627815
g mesh905627815
usemtl mat2
f 364/1348/329 363/1347/329 362/1346/329 361/1345/329
f 363/1352/330 366/1351/330 365/1350/330 362/1349/330
f 366/1356/331 368/1355/331 367/1354/331 365/1353/331
f 368/1364/332 374/1363/332 373/1362/332 372/1361/332 371/1360/332 370/1359/332 369/1358/332 367/1357/332
f 374/1370/333 378/1369/333 377/1368/333 376/1367/333 375/1366/333 373/1365/333
f 378/1378/334 364/1377/334 361/1376/334 382/1375/334 381/1374/334 380/1373/334 379/1372/334 377/1371/334
f 378/1382/335 374/1381/335 384/1380/335 383/1379/335
f 361/1386/336 362/1385/336 386/1384/336 385/1383/336
f 374/1390/337 368/1389/337 387/1388/337 384/1387/337
f 368/1394/338 366/1393/338 388/1392/338 387/1391/338
f 366/1398/339 363/1397/339 389/1396/339 388/1395/339
f 363/1402/340 364/1401/340 390/1400/340 389/1399/340
f 364/1406/341 378/1405/341 383/1404/341 390/1403/341
f 383/1412/342 384/1411/342 387/1410/342 388/1409/342 389/1408/342 390/1407/342
f 362/1416/343 365/1415/343 391/1414/343 386/1413/343
f 365/1420/344 367/1419/344 392/1418/344 391/1417/344
f 367/1424/345 369/1423/345 393/1422/345 392/1421/345
f 369/1428/346 382/1427/346 394/1426/346 393/1425/346
f 382/1432/347 361/1431/347 385/1430/347 394/1429/347
f 385/1438/348 386/1437/348 391/1436/348 392/1435/348 393/1434/348 394/1433/348
f 377/1441/349 379/1440/349 376/1439/349
f 381/1447/350 382/1446/350 369/1445/350 370/1444/350 396/1443/350 395/1442/350
f 372/1454/352 373/1453/352 375/1452/352
f 396/1457/353 370/1456/353 371/1455/353
f 380/1460/354 381/1459/354 395/1458/354
usemtl mat3
f 372/1451/351 375/1450/351 398/1449/351 397/1448/351
f 375/1464/355 376/1463/355 399/1462/355 398/1461/355
f 376/1468/356 379/1467/356 400/1466/356 399/1465/356
f 379/1472/357 380/1471/357 401/1470/357 400/1469/357
f 380/1476/358 395/1475/358 402/1474/358 401/1473/358
f 395/1480/359 396/1479/359 403/1478/359 402/1477/359
f 396/1484/360 371/1483/360 404/1482/360 403/1481/360
f 371/1488/361 372/1487/361 397/1486/361 404/1485/361
f 397/1491/362 398/1490/362 405/1489/362
f 398/1494/363 399/1493/363 405/1492/363
f 399/1497/364 400/1496/364 405/1495/364
f 400/1500/365 401/1499/365 405/1498/365
f 401/1503/366 402/1502/366 405/1501/366
f 402/1506/367 403/1505/367 405/1504/367
f 403/1509/368 404/1508/368 405/1507/368
f 404/1512/369 397/1511/369 405/1510/369
o group1918272623
g mesh1918272623
usemtl mat2
f 409/1516/370 408/1515/370 407/1514/370 406/1513/370
f 408/1520/371 411/1519/371 410/1518/371 407/1517/371
f 411/1524/372 413/1523/372 412/1522/372 410/1521/372
f 413/1532/373 419/1531/373 418/1530/373 417/1529/373 416/1528/373 415/1527/373 414/1526/373 412/1525/373
f 419/1538/374 423/1537/374 422/1536/374 421/1535/374 420/1534/374 418/1533/374
f 423/1546/375 409/1545/375 406/1544/375 427/1543/375 426/1542/375 425/1541/375 424/1540/375 422/1539/375
f 423/1550/376 419/1549/376 429/1548/376 428/1547/376
f 406/1554/377 407/1553/377 431/1552/377 430/1551/377
f 419/1558/378 413/1557/378 432/1556/378 429/1555/378
f 413/1562/379 411/1561/379 433/1560/379 432/1559/379
f 411/1566/380 408/1565/380 434/1564/380 433/1563/380
f 408/1570/381 409/1569/381 435/1568/381 434/1567/381
f 409/1574/382 423/1573/382 428/1572/382 435/1571/382
f 428/1580/383 429/1579/383 432/1578/383 433/1577/383 434/1576/383 435/1575/383
f 407/1584/384 410/1583/384 436/1582/384 431/1581/384
f 410/1588/385 412/1587/385 437/1586/385 436/1585/385
f 412/1592/386 414/1591/386 438/1590/386 437/1589/386
f 414/1596/387 427/1595/387 439/1594/387 438/1593/387
f 427/1600/388 406/1599/388 430/1598/388 439/1597/388
f 430/1606/389 431/1605/389 436/1604/389 437/1603/389 438/1602/389 439/1601/389
f 422/1609/390 424/1608/390 421/1607/390
f 426/1615/391 427/1614/391 414/1613/391 415/1612/391 441/1611/391 440/1610/391
f 417/1622/393 418/1621/393 420/1620/393
f 441/1625/394 415/1624/394 416/1623/394
f 425/1628/395 426/1627/395 440/1626/395
usemtl mat9
f 417/1619/392 420/1618/392 443/1617/392 442/1616/392
f 420/1632/396 421/1631/396 444/1630/396 443/1629/396
f 421/1636/397 424/1635/397 445/1634/397 444/1633/397
f 424/1640/398 425/1639/398 446/1638/398 445/1637/398
f 425/1644/399 440/1643/399 447/1642/399 446/1641/399
f 440/1648/400 441/1647/400 448/1646/400 447/1645/400
f 441/1652/401 416/1651/401 449/1650/401 448/1649/401
f 416/1656/402 417/1655/402 442/1654/402 449/1653/402
f 442/1659/403 443/1658/403 450/1657/403
f 443/1662/404 444/1661/404 450/1660/404
f 444/1665/405 445/1664/405 450/1663/405
f 445/1668/406 446/1667/406 450/1666/406
f 446/1671/407 447/1670/407 450/1669/407
f 447/1674/408 448/1673/408 450/1672/408
f 448/1677/409 449/1676/409 450/1675/409
f 449/1680/410 442/1679/410 450/1678/410
o group679215435
g mesh679215435
usemtl mat2
f 454/1684/411 453/1683/411 452/1682/411 451/1681/411
f 453/1688/412 456/1687/412 455/1686/412 452/1685/412
f 456/1692/413 458/1691/413 457/1690/413 455/1689/413
f 458/1700/414 464/1699/414 463/1698/414 462/1697/414 461/1696/414 460/1695/414 459/1694/414 457/1693/414
f 464/1706/415 468/1705/415 467/1704/415 466/1703/415 465/1702/415 463/1701/415
f 468/1714/416 454/1713/416 451/1712/416 472/1711/416 471/1710/416 470/1709/416 469/1708/416 467/1707/416
f 468/1718/417 464/1717/417 474/1716/417 473/1715/417
f 451/1722/418 452/1721/418 476/1720/418 475/1719/418
f 464/1726/419 458/1725/419 477/1724/419 474/1723/419
f 458/1730/420 456/1729/420 478/1728/420 477/1727/420
f 456/1734/421 453/1733/421 479/1732/421 478/1731/421
f 453/1738/422 454/1737/422 480/1736/422 479/1735/422
f 454/1742/423 468/1741/423 473/1740/423 480/1739/423
f 473/1748/424 474/1747/424 477/1746/424 478/1745/424 479/1744/424 480/1743/424
f 452/1752/425 455/1751/425 481/1750/425 476/1749/425
f 455/1756/426 457/1755/426 482/1754/426 481/1753/426
f 457/1760/427 459/1759/427 483/1758/427 482/1757/427
f 459/1764/428 472/1763/428 484/1762/428 483/1761/428
f 472/1768/429 451/1767/429 475/1766/429 484/1765/429
f 475/1774/430 476/1773/430 481/1772/430 482/1771/430 483/1770/430 484/1769/430
f 467/1777/431 469/1776/431 466/1775/431
f 471/1783/432 472/1782/432 459/1781/432 460/1780/432 486/1779/432 485/1778/432
f 462/1790/434 463/1789/434 465/1788/434
f 486/1793/435 460/1792/435 461/1791/435
f 470/1796/436 471/1795/436 485/1794/436
usemtl mat3
f 462/1787/433 465/1786/433 488/1785/433 487/1784/433
f 465/1800/437 466/1799/437 489/1798/437 488/1797/437
f 466/1804/438 469/1803/438 490/1802/438 489/1801/438
f 469/1808/439 470/1807/439 491/1806/439 490/1805/439
f 470/1812/440 485/1811/440 492/1810/440 491/1809/440
f 485/1816/441 486/1815/441 493/1814/441 492/1813/441
f 486/1820/442 461/1819/442 494/1818/442 493/1817/442
f 461/1824/443 462/1823/443 487/1822/443 494/1821/443
f 487/1827/444 488/1826/444 495/1825/444
f 488/1830/445 489/1829/445 495/1828/445
f 489/1833/446 490/1832/446 495/1831/446
f 490/1836/447 491/1835/447 495/1834/447
f 491/1839/448 492/1838/448 495/1837/448
f 492/1842/449 493/1841/449 495/1840/449
f 493/1845/450 494/1844/450 495/1843/450
f 494/1848/451 487/1847/451 495/1846/451
o group1184130097
g mesh1184130097
usemtl mat2
f 499/1852/452 498/1851/452 497/1850/452 496/1849/452
f 498/1856/453 501/1855/453 500/1854/453 497/1853/453
f 501/1860/454 503/1859/454 502/1858/454 500/1857/454
f 503/1868/455 509/1867/455 508/1866/455 507/1865/455 506/1864/455 505/1863/455 504/1862/455 502/1861/455
f 509/1874/456 513/1873/456 512/1872/456 511/1871/456 510/1870/456 508/1869/456
f 513/1882/457 499/1881/457 496/1880/457 517/1879/457 516/1878/457 515/1877/457 514/1876/457 512/1875/457
f 513/1886/458 509/1885/458 519/1884/458 518/1883/458
f 496/1890/459 497/1889/459 521/1888/459 520/1887/459
f 509/1894/460 503/1893/460 522/1892/460 519/1891/460
f 503/1898/461 501/1897/461 523/1896/461 522/1895/461
f 501/1902/462 498/1901/462 524/1900/462 523/1899/462
f 498/1906/463 499/1905/463 525/1904/463 524/1903/463
f 499/1910/464 513/1909/464 518/1908/464 525/1907/464
f 518/1916/465 519/1915/465 522/1914/465 523/1913/465 524/1912/465 525/1911/465
f 497/1920/466 500/1919/466 526/1918/466 521/1917/466
f 500/1924/467 502/1923/467 527/1922/467 526/1921/467
f 502/1928/468 504/1927/468 528/1926/468 527/1925/468
f 504/1932/469 517/1931/469 529/1930/469 528/1929/469
f 517/1936/470 496/1935/470 520/1934/470 529/1933/470
f 520/1942/471 521/1941/471 526/1940/471 527/1939/471 528/1938/471 529/1937/471
f 512/1945/472 514/1944/472 511/1943/472
f 516/1951/473 517/1950/473 504/1949/473 505/1948/473 531/1947/473 530/1946/473
f 507/1958/475 508/1957/475 510/1956/475
f 531/1961/476 505/1960/476 506/1959/476
f 515/1964/477 516/1963/477 530/1962/477
usemtl mat9
f 507/1955/474 510/1954/474 533/1953/474 532/1952/474
f 510/1968/478 511/1967/478 534/1966/478 533/1965/478
f 511/1972/479 514/1971/479 535/1970/479 534/1969/479
f 514/1976/480 515/1975/480 536/1974/480 535/1973/480
f 515/1980/481 530/1979/481 537/1978/481 536/1977/481
f 530/1984/482 531/1983/482 538/1982/482 537/1981/482
f 531/1988/483 506/1987/483 539/1986/483 538/1985/483
f 506/1992/484 507/1991/484 532/1990/484 539/1989/484
f 532/1995/485 533/1994/485 540/1993/485
f 533/1998/486 534/1997/486 540/1996/486
f 534/2001/487 535/2000/487 540/1999/487
f 535/2004/488 536/2003/488 540/2002/488
f 536/2007/489 537/2006/489 540/2005/489
f 537/2010/490 538/2009/490 540/2008/490
f 538/2013/491 539/2012/491 540/2011/491
f 539/2016/492 532/2015/492 540/2014/492
o group64402491
g mesh64402491
usemtl mat2
f 544/2020/493 543/2019/493 542/2018/493 541/2017/493
f 543/2024/494 546/2023/494 545/2022/494 542/2021/494
f 546/2028/495 548/2027/495 547/2026/495 545/2025/495
f 548/2036/496 554/2035/496 553/2034/496 552/2033/496 551/2032/496 550/2031/496 549/2030/496 547/2029/496
f 554/2042/497 558/2041/497 557/2040/497 556/2039/497 555/2038/497 553/2037/497
f 558/2050/498 544/2049/498 541/2048/498 562/2047/498 561/2046/498 560/2045/498 559/2044/498 557/2043/498
f 558/2054/499 554/2053/499 564/2052/499 563/2051/499
f 541/2058/500 542/2057/500 566/2056/500 565/2055/500
f 554/2062/501 548/2061/501 567/2060/501 564/2059/501
f 548/2066/502 546/2065/502 568/2064/502 567/2063/502
f 546/2070/503 543/2069/503 569/2068/503 568/2067/503
f 543/2074/504 544/2073/504 570/2072/504 569/2071/504
f 544/2078/505 558/2077/505 563/2076/505 570/2075/505
f 563/2084/506 564/2083/506 567/2082/506 568/2081/506 569/2080/506 570/2079/506
f 542/2088/507 545/2087/507 571/2086/507 566/2085/507
f 545/2092/508 547/2091/508 572/2090/508 571/2089/508
f 547/2096/509 549/2095/509 573/2094/509 572/2093/509
f 549/2100/510 562/2099/510 574/2098/510 573/2097/510
f 562/2104/511 541/2103/511 565/2102/511 574/2101/511
f 565/2110/512 566/2109/512 571/2108/512 572/2107/512 573/2106/512 574/2105/512
f 557/2113/513 559/2112/513 556/2111/513
f 561/2119/514 562/2118/514 549/2117/514 550/2116/514 576/2115/514 575/2114/514
f 552/2126/516 553/2125/516 555/2124/516
f 576/2129/517 550/2128/517 551/2127/517
f 560/2132/518 561/2131/518 575/2130/518
usemtl mat9
f 552/2123/515 555/2122/515 578/2121/515 577/2120/515
f 555/2136/519 556/2135/519 579/2134/519 578/2133/519
f 556/2140/520 559/2139/520 580/2138/520 579/2137/520
f 559/2144/521 560/2143/521 581/2142/521 580/2141/521
f 560/2148/522 575/2147/522 582/2146/522 581/2145/522
f 575/2152/523 576/2151/523 583/2150/523 582/2149/523
f 576/2156/524 551/2155/524 584/2154/524 583/2153/524
f 551/2160/525 552/2159/525 577/2158/525 584/2157/525
f 577/2163/526 578/2162/526 585/2161/526
f 578/2166/527 579/2165/527 585/2164/527
f 579/2169/528 580/2168/528 585/2167/528
f 580/2172/529 581/2171/529 585/2170/529
f 581/2175/530 582/2174/530 585/2173/530
f 582/2178/531 583/2177/531 585/2176/531
f 583/2181/532 584/2180/532 585/2179/532
f 584/2184/533 577/2183/533 585/2182/533
o group500574630
g mesh500574630
usemtl mat2
f 589/2188/534 588/2187/534 587/2186/534 586/2185/534
f 588/2192/535 591/2191/535 590/2190/535 587/2189/535
f 591/2196/536 593/2195/536 592/2194/536 590/2193/536
f 593/2204/537 599/2203/537 598/2202/537 597/2201/537 596/2200/537 595/2199/537 594/2198/537 592/2197/537
f 599/2210/538 603/2209/538 602/2208/538 601/2207/538 600/2206/538 598/2205/538
f 603/2218/539 589/2217/539 586/2216/539 607/2215/539 606/2214/539 605/2213/539 604/2212/539 602/2211/539
f 603/2222/540 599/2221/540 609/2220/540 608/2219/540
f 586/2226/541 587/2225/541 611/2224/541 610/2223/541
f 599/2230/542 593/2229/542 612/2228/542 609/2227/542
f 593/2234/543 591/2233/543 613/2232/543 612/2231/543
f 591/2238/544 588/2237/544 614/2236/544 613/2235/544
f 588/2242/545 589/2241/545 615/2240/545 614/2239/545
f 589/2246/546 603/2245/546 608/2244/546 615/2243/546
f 608/2252/547 609/2251/547 612/2250/547 613/2249/547 614/2248/547 615/2247/547
f 587/2256/548 590/2255/548 616/2254/548 611/2253/548
f 590/2260/549 592/2259/549 617/2258/549 616/2257/549
f 592/2264/550 594/2263/550 618/2262/550 617/2261/550
f 594/2268/551 607/2267/551 619/2266/551 618/2265/551
f 607/2272/552 586/2271/552 610/2270/552 619/2269/552
f 610/2278/553 611/2277/553 616/2276/553 617/2275/553 618/2274/553 619/2273/553
f 602/2281/554 604/2280/554 601/2279/554
f 606/2287/555 607/2286/555 594/2285/555 595/2284/555 621/2283/555 620/2282/555
f 597/2294/557 598/2293/557 600/2292/557
f 621/2297/558 595/2296/558 596/2295/558
f 605/2300/559 606/2299/559 620/2298/559
usemtl mat8
f 597/2291/556 600/2290/556 623/2289/556 622/2288/556
f 600/2304/560 601/2303/560 624/2302/560 623/2301/560
f 601/2308/561 604/2307/561 625/2306/561 624/2305/561
f 604/2312/562 605/2311/562 626/2310/562 625/2309/562
f 605/2316/563 620/2315/563 627/2314/563 626/2313/563
f 620/2320/564 621/2319/564 628/2318/564 627/2317/564
f 621/2324/565 596/2323/565 629/2322/565 628/2321/565
f 596/2328/566 597/2327/566 622/2326/566 629/2325/566
f 622/2331/567 623/2330/567 630/2329/567
f 623/2334/568 624/2333/568 630/2332/568
f 624/2337/569 625/2336/569 630/2335/569
f 625/2340/570 626/2339/570 630/2338/570
f 626/2343/571 627/2342/571 630/2341/571
f 627/2346/572 628/2345/572 630/2344/572
f 628/2349/573 629/2348/573 630/2347/573
f 629/2352/574 622/2351/574 630/2350/574
o group1347056512
g mesh1347056512
usemtl mat2
f 634/2356/575 633/2355/575 632/2354/575 631/2353/575
f 633/2360/576 636/2359/576 635/2358/576 632/2357/576
f 636/2364/577 638/2363/577 637/2362/577 635/2361/577
f 638/2372/578 644/2371/578 643/2370/578 642/2369/578 641/2368/578 640/2367/578 639/2366/578 637/2365/578
f 644/2378/579 648/2377/579 647/2376/579 646/2375/579 645/2374/579 643/2373/579
f 648/2386/580 634/2385/580 631/2384/580 652/2383/580 651/2382/580 650/2381/580 649/2380/580 647/2379/580
f 648/2390/581 644/2389/581 654/2388/581 653/2387/581
f 631/2394/582 632/2393/582 656/2392/582 655/2391/582
f 644/2398/583 638/2397/583 657/2396/583 654/2395/583
f 638/2402/584 636/2401/584 658/2400/584 657/2399/584
f 636/2406/585 633/2405/585 659/2404/585 658/2403/585
f 633/2410/586 634/2409/586 660/2408/586 659/2407/586
f 634/2414/587 648/2413/587 653/2412/587 660/2411/587
f 653/2420/588 654/2419/588 657/2418/588 658/2417/588 659/2416/588 660/2415/588
f 632/2424/589 635/2423/589 661/2422/589 656/2421/589
f 635/2428/590 637/2427/590 662/2426/590 661/2425/590
f 637/2432/591 639/2431/591 663/2430/591 662/2429/591
f 639/2436/592 652/2435/592 664/2434/592 663/2433/592
f 652/2440/593 631/2439/593 655/2438/593 664/2437/593
f 655/2446/594 656/2445/594 661/2444/594 662/2443/594 663/2442/594 664/2441/594
f 647/2449/595 649/2448/595 646/2447/595
f 651/2455/596 652/2454/596 639/2453/596 640/2452/596 666/2451/596 665/2450/596
f 642/2462/598 643/2461/598 645/2460/598
f 666/2465/599 640/2464/599 641/2463/599
f 650/2468/600 651/2467/600 665/2466/600
usemtl mat12
f 642/2459/597 645/2458/597 668/2457/597 667/2456/597
f 645/2472/601 646/2471/601 669/2470/601 668/2469/601
f 646/2476/602 649/2475/602 670/2474/602 669/2473/602
f 649/2480/603 650/2479/603 671/2478/603 670/2477/603
f 650/2484/604 665/2483/604 672/2482/604 671/2481/604
f 665/2488/605 666/2487/605 673/2486/605 672/2485/605
f 666/2492/606 641/2491/606 674/2490/606 673/2489/606
f 641/2496/607 642/2495/607 667/2494/607 674/2493/607
f 667/2499/608 668/2498/608 675/2497/608
f 668/2502/609 669/2501/609 675/2500/609
f 669/2505/610 670/2504/610 675/2503/610
f 670/2508/611 671/2507/611 675/2506/611
f 671/2511/612 672/2510/612 675/2509/612
f 672/2514/613 673/2513/613 675/2512/613
f 673/2517/614 674/2516/614 675/2515/614
f 674/2520/615 667/2519/615 675/2518/615
o group98267956
g mesh98267956
usemtl mat2
f 679/2524/616 678/2523/616 677/2522/616 676/2521/616
f 678/2528/617 681/2527/617 680/2526/617 677/2525/617
f 681/2532/618 683/2531/618 682/2530/618 680/2529/618
f 683/2540/619 689/2539/619 688/2538/619 687/2537/619 686/2536/619 685/2535/619 684/2534/619 682/2533/619
f 689/2546/620 693/2545/620 692/2544/620 691/2543/620 690/2542/620 688/2541/620
f 693/2554/621 679/2553/621 676/2552/621 697/2551/621 696/2550/621 695/2549/621 694/2548/621 692/2547/621
f 693/2558/622 689/2557/622 699/2556/622 698/2555/622
f 676/2562/623 677/2561/623 701/2560/623 700/2559/623
f 689/2566/624 683/2565/624 702/2564/624 699/2563/624
f 683/2570/625 681/2569/625 703/2568/625 702/2567/625
f 681/2574/626 678/2573/626 704/2572/626 703/2571/626
f 678/2578/627 679/2577/627 705/2576/627 704/2575/627
f 679/2582/628 693/2581/628 698/2580/628 705/2579/628
f 698/2588/629 699/2587/629 702/2586/629 703/2585/629 704/2584/629 705/2583/629
f 677/2592/630 680/2591/630 706/2590/630 701/2589/630
f 680/2596/631 682/2595/631 707/2594/631 706/2593/631
f 682/2600/632 684/2599/632 708/2598/632 707/2597/632
f 684/2604/633 697/2603/633 709/2602/633 708/2601/633
f 697/2608/634 676/2607/634 700/2606/634 709/2605/634
f 700/2614/635 701/2613/635 706/2612/635 707/2611/635 708/2610/635 709/2609/635
f 692/2617/636 694/2616/636 691/2615/636
f 696/2623/637 697/2622/637 684/2621/637 685/2620/637 711/2619/637 710/2618/637
f 687/2630/639 688/2629/639 690/2628/639
f 711/2633/640 685/2632/640 686/2631/640
f 695/2636/641 696/2635/641 710/2634/641
usemtl mat3
f 687/2627/638 690/2626/638 713/2625/638 712/2624/638
f 690/2640/642 691/2639/642 714/2638/642 713/2637/642
f 691/2644/643 694/2643/643 715/2642/643 714/2641/643
f 694/2648/644 695/2647/644 716/2646/644 715/2645/644
f 695/2652/645 710/2651/645 717/2650/645 716/2649/645
f 710/2656/646 711/2655/646 718/2654/646 717/2653/646
f 711/2660/647 686/2659/647 719/2658/647 718/2657/647
f 686/2664/648 687/2663/648 712/2662/648 719/2661/648
f 712/2667/649 713/2666/649 720/2665/649
f 713/2670/650 714/2669/650 720/2668/650
f 714/2673/651 715/2672/651 720/2671/651
f 715/2676/652 716/2675/652 720/2674/652
f 716/2679/653 717/2678/653 720/2677/653
f 717/2682/654 718/2681/654 720/2680/654
f 718/2685/655 719/2684/655 720/2683/655
f 719/2688/656 712/2687/656 720/2686/656
o group1440525040
g mesh1440525040
usemtl mat2
f 724/2692/657 723/2691/657 722/2690/657 721/2689/657
f 723/2696/658 726/2695/658 725/2694/658 722/2693/658
f 726/2700/659 728/2699/659 727/2698/659 725/2697/659
f 728/2708/660 734/2707/660 733/2706/660 732/2705/660 731/2704/660 730/2703/660 729/2702/660 727/2701/660
f 734/2714/661 738/2713/661 737/2712/661 736/2711/661 735/2710/661 733/2709/661
f 738/2722/662 724/2721/662 721/2720/662 742/2719/662 741/2718/662 740/2717/662 739/2716/662 737/2715/662
f 738/2726/663 734/2725/663 744/2724/663 743/2723/663
f 721/2730/664 722/2729/664 746/2728/664 745/2727/664
f 734/2734/665 728/2733/665 747/2732/665 744/2731/665
f 728/2738/666 726/2737/666 748/2736/666 747/2735/666
f 726/2742/667 723/2741/667 749/2740/667 748/2739/667
f 723/2746/668 724/2745/668 750/2744/668 749/2743/668
f 724/2750/669 738/2749/669 743/2748/669 750/2747/669
f 743/2756/670 744/2755/670 747/2754/670 748/2753/670 749/2752/670 750/2751/670
f 722/2760/671 725/2759/671 751/2758/671 746/2757/671
f 725/2764/672 727/2763/672 752/2762/672 751/2761/672
f 727/2768/673 729/2767/673 753/2766/673 752/2765/673
f 729/2772/674 742/2771/674 754/2770/674 753/2769/674
f 742/2776/675 721/2775/675 745/2774/675 754/2773/675
f 745/2782/676 746/2781/676 751/2780/676 752/2779/676 753/2778/676 754/2777/676
f 737/2785/677 739/2784/677 736/2783/677
f 741/2791/678 742/2790/678 729/2789/678 730/2788/678 756/2787/678 755/2786/678
f 732/2798/680 733/2797/680 735/2796/680
f 756/2801/681 730/2800/681 731/2799/681
f 740/2804/682 741/2803/682 755/2802/682
usemtl mat9
f 732/2795/679 735/2794/679 758/2793/679 757/2792/679
f 735/2808/683 736/2807/683 759/2806/683 758/2805/683
f 736/2812/684 739/2811/684 760/2810/684 759/2809/684
f 739/2816/685 740/2815/685 761/2814/685 760/2813/685
f 740/2820/686 755/2819/686 762/2818/686 761/2817/686
f 755/2824/687 756/2823/687 763/2822/687 762/2821/687
f 756/2828/688 731/2827/688 764/2826/688 763/2825/688
f 731/2832/689 732/2831/689 757/2830/689 764/2829/689
f 757/2835/690 758/2834/690 765/2833/690
f 758/2838/691 759/2837/691 765/2836/691
f 759/2841/692 760/2840/692 765/2839/692
f 760/2844/693 761/2843/693 765/2842/693
f 761/2847/694 762/2846/694 765/2845/694
f 762/2850/695 763/2849/695 765/2848/695
f 763/2853/696 764/2852/696 765/2851/696
f 764/2856/697 757/2855/697 765/2854/697
o group1355464784
g mesh1355464784
usemtl mat2
f 769/2860/698 768/2859/698 767/2858/698 766/2857/698
f 768/2864/699 771/2863/699 770/2862/699 767/2861/699
f 771/2868/700 773/2867/700 772/2866/700 770/2865/700
f 773/2876/701 779/2875/701 778/2874/701 777/2873/701 776/2872/701 775/2871/701 774/2870/701 772/2869/701
f 779/2882/702 783/2881/702 782/2880/702 781/2879/702 780/2878/702 778/2877/702
f 783/2890/703 769/2889/703 766/2888/703 787/2887/703 786/2886/703 785/2885/703 784/2884/703 782/2883/703
f 783/2894/704 779/2893/704 789/2892/704 788/2891/704
f 766/2898/705 767/2897/705 791/2896/705 790/2895/705
f 779/2902/706 773/2901/706 792/2900/706 789/2899/706
f 773/2906/707 771/2905/707 793/2904/707 792/2903/707
f 771/2910/708 768/2909/708 794/2908/708 793/2907/708
f 768/2914/709 769/2913/709 795/2912/709 794/2911/709
f 769/2918/710 783/2917/710 788/2916/710 795/2915/710
f 788/2924/711 789/2923/711 792/2922/711 793/2921/711 794/2920/711 795/2919/711
f 767/2928/712 770/2927/712 796/2926/712 791/2925/712
f 770/2932/713 772/2931/713 797/2930/713 796/2929/713
f 772/2936/714 774/2935/714 798/2934/714 797/2933/714
f 774/2940/715 787/2939/715 799/2938/715 798/2937/715
f 787/2944/716 766/2943/716 790/2942/716 799/2941/716
f 790/2950/717 791/2949/717 796/2948/717 797/2947/717 798/2946/717 799/2945/717
f 782/2953/718 784/2952/718 781/2951/718
f 786/2959/719 787/2958/719 774/2957/719 775/2956/719 801/2955/719 800/2954/719
f 777/2966/721 778/2965/721 780/2964/721
f 801/2969/722 775/2968/722 776/2967/722
f 785/2972/723 786/2971/723 800/2970/723
usemtl mat3
f 777/2963/720 780/2962/720 803/2961/720 802/2960/720
f 780/2976/724 781/2975/724 804/2974/724 803/2973/724
f 781/2980/725 784/2979/725 805/2978/725 804/2977/725
f 784/2984/726 785/2983/726 806/2982/726 805/2981/726
f 785/2988/727 800/2987/727 807/2986/727 806/2985/727
f 800/2992/728 801/2991/728 808/2990/728 807/2989/728
f 801/2996/729 776/2995/729 809/2994/729 808/2993/729
f 776/3000/730 777/2999/730 802/2998/730 809/2997/730
f 802/3003/731 803/3002/731 810/3001/731
f 803/3006/732 804/3005/732 810/3004/732
f 804/3009/733 805/3008/733 810/3007/733
f 805/3012/734 806/3011/734 810/3010/734
f 806/3015/735 807/3014/735 810/3013/735
f 807/3018/736 808/3017/736 810/3016/736
f 808/3021/737 809/3020/737 810/3019/737
f 809/3024/738 802/3023/738 810/3022/738
o group1890997749
g mesh1890997749
usemtl mat2
f 814/3028/739 813/3027/739 812/3026/739 811/3025/739
f 813/3032/740 816/3031/740 815/3030/740 812/3029/740
f 816/3036/741 818/3035/741 817/3034/741 815/3033/741
f 818/3044/742 824/3043/742 823/3042/742 822/3041/742 821/3040/742 820/3039/742 819/3038/742 817/3037/742
f 824/3050/743 828/3049/743 827/3048/743 826/3047/743 825/3046/743 823/3045/743
f 828/3058/744 814/3057/744 811/3056/744 832/3055/744 831/3054/744 830/3053/744 829/3052/744 827/3051/744
f 828/3062/745 824/3061/745 834/3060/745 833/3059/745
f 811/3066/746 812/3065/746 836/3064/746 835/3063/746
f 824/3070/747 818/3069/747 837/3068/747 834/3067/747
f 818/3074/748 816/3073/748 838/3072/748 837/3071/748
f 816/3078/749 813/3077/749 839/3076/749 838/3075/749
f 813/3082/750 814/3081/750 840/3080/750 839/3079/750
f 814/3086/751 828/3085/751 833/3084/751 840/3083/751
f 833/3092/752 834/3091/752 837/3090/752 838/3089/752 839/3088/752 840/3087/752
f 812/3096/753 815/3095/753 841/3094/753 836/3093/753
f 815/3100/754 817/3099/754 842/3098/754 841/3097/754
f 817/3104/755 819/3103/755 843/3102/755 842/3101/755
f 819/3108/756 832/3107/756 844/3106/756 843/3105/756
f 832/3112/757 811/3111/757 835/3110/757 844/3109/757
f 835/3118/758 836/3117/758 841/3116/758 842/3115/758 843/3114/758 844/3113/758
f 827/3121/759 829/3120/759 826/3119/759
f 831/3127/760 832/3126/760 819/3125/760 820/3124/760 846/3123/760 845/3122/760
f 822/3134/762 823/3133/762 825/3132/762
f 846/3137/763 820/3136/763 821/3135/763
f 830/3140/764 831/3139/764 845/3138/764
usemtl mat12
f 822/3131/761 825/3130/761 848/3129/761 847/3128/761
f 825/3144/765 826/3143/765 849/3142/765 848/3141/765
f 826/3148/766 829/3147/766 850/3146/766 849/3145/766
f 829/3152/767 830/3151/767 851/3150/767 850/3149/767
f 830/3156/768 845/3155/768 852/3154/768 851/3153/768
f 845/3160/769 846/3159/769 853/3158/769 852/3157/769
f 846/3164/770 821/3163/770 854/3162/770 853/3161/770
f 821/3168/771 822/3167/771 847/3166/771 854/3165/771
f 847/3171/772 848/3170/772 855/3169/772
f 848/3174/773 849/3173/773 855/3172/773
f 849/3177/774 850/3176/774 855/3175/774
f 850/3180/775 851/3179/775 855/3178/775
f 851/3183/776 852/3182/776 855/3181/776
f 852/3186/777 853/3185/777 855/3184/777
f 853/3189/778 854/3188/778 855/3187/778
f 854/3192/779 847/3191/779 855/3190/779
o group1692922274
g mesh1692922274
usemtl mat2
f 859/3196/780 858/3195/780 857/3194/780 856/3193/780
f 858/3200/781 861/3199/781 860/3198/781 857/3197/781
f 861/3204/782 863/3203/782 862/3202/782 860/3201/782
f 863/3212/783 869/3211/783 868/3210/783 867/3209/783 866/3208/783 865/3207/783 864/3206/783 862/3205/783
f 869/3218/784 873/3217/784 872/3216/784 871/3215/784 870/3214/784 868/3213/784
f 873/3226/785 859/3225/785 856/3224/785 877/3223/785 876/3222/785 875/3221/785 874/3220/785 872/3219/785
f 873/3230/786 869/3229/786 879/3228/786 878/3227/786
f 856/3234/787 857/3233/787 881/3232/787 880/3231/787
f 869/3238/788 863/3237/788 882/3236/788 879/3235/788
f 863/3242/789 861/3241/789 883/3240/789 882/3239/789
f 861/3246/790 858/3245/790 884/3244/790 883/3243/790
f 858/3250/791 859/3249/791 885/3248/791 884/3247/791
f 859/3254/792 873/3253/792 878/3252/792 885/3251/792
f 878/3260/793 879/3259/793 882/3258/793 883/3257/793 884/3256/793 885/3255/793
f 857/3264/794 860/3263/794 886/3262/794 881/3261/794
f 860/3268/795 862/3267/795 887/3266/795 886/3265/795
f 862/3272/796 864/3271/796 888/3270/796 887/3269/796
f 864/3276/797 877/3275/797 889/3274/797 888/3273/797
f 877/3280/798 856/3279/798 880/3278/798 889/3277/798
f 880/3286/799 881/3285/799 886/3284/799 887/3283/799 888/3282/799 889/3281/799
f 872/3289/800 874/3288/800 871/3287/800
f 876/3295/801 877/3294/801 864/3293/801 865/3292/801 891/3291/801 890/3290/801
f 867/3302/803 868/3301/803 870/3300/803
f 891/3305/804 865/3304/804 866/3303/804
f 875/3308/805 876/3307/805 890/3306/805
usemtl mat8
f 867/3299/802 870/3298/802 893/3297/802 892/3296/802
f 870/3312/806 871/3311/806 894/3310/806 893/3309/806
f 871/3316/807 874/3315/807 895/3314/807 894/3313/807
f 874/3320/808 875/3319/808 896/3318/808 895/3317/808
f 875/3324/809 890/3323/809 897/3322/809 896/3321/809
f 890/3328/810 891/3327/810 898/3326/810 897/3325/810
f 891/3332/811 866/3331/811 899/3330/811 898/3329/811
f 866/3336/812 867/3335/812 892/3334/812 899/3333/812
f 892/3339/813 893/3338/813 900/3337/813
f 893/3342/814 894/3341/814 900/3340/814
f 894/3345/815 895/3344/815 900/3343/815
f 895/3348/816 896/3347/816 900/3346/816
f 896/3351/817 897/3350/817 900/3349/817
f 897/3354/818 898/3353/818 900/3352/818
f 898/3357/819 899/3356/819 900/3355/819
f 899/3360/820 892/3359/820 900/3358/820
